taxon_name,clean_name,action
Abelia,Abelia,update
Abies,Abies,update
Abrus,Abrus,update
Abutilon,Abutilon,update
Acacia,Acacia,update
Acacia ehrenbergiana-type,Vachellia flavens type,update
Acacia mellifera-type,Senegalia mellifera type,update
Acacia nilotica-type,Vachellia nilotica type,update
Acacia polyacantha-type,Senegalia polyacantha type,update
Acacia seyal-type,Vachellia seyal type,update
Acacia tortilis-type,Vachellia tortilis type,update
Acacia type1,Acacia type,update
Acacia/Parkia,Acacia/Parkia,update
Acalypha,Acalypha,update
Acalypha ciliata-type,Acalypha ciliata type,update
Acalypha crenata-type,Acalypha crenata type,update
Acanthaceae undiff.,Acanthaceae,update
Acanthus-type,Acanthus type,update
Acanthus-type pubescens,Acanthus polystachyus type,update
Acer,Acer,update
Achyranthes-type,Achyranthes type,update
Achyranthes-type aspera,Achyranthes aspera type,update
Acridocarpus,Acridocarpus,update
Acrostichum aureum,Acrostichum aureum,update
Actiniopteris radiata-type,Actiniopteris radiata type,update
Adansonia,Adansonia,update
Adansonia digitata,Adansonia digitata,update
Adenandra,Adenandra,update
Adenia,Adenia,update
Adenia lobata-type,Adenia lobata type,update
Adenium obesum-type,Adenium obesum type,update
Adenodolichos-type,Adenodolichos type,update
Adenopodia scelerata-type,Adenopodia scelerata type,update
Adenorandia-type kalbreyeri,Adenorandia kalbreyeri type,update
Adiantum,Adiantum,update
Aerva-type,Aerva type,update
Aerva-type javanica,Aerva javanica type,update
Aerva-type lanata,Ouret lanata type,update
Aeschynomene,Aeschynomene,update
Aeschynomene afraspera-type,Aeschynomene afraspera type,update
Aeschynomene baumii-type,Aeschynomene baumii type,update
Aeschynomene elaphroxylon-type,Aeschynomene elaphroxylon type,update
Afraegle-type paniculata,Afraegle paniculata type,update
Afrocrania volkensii,Cornus volkensii,update
Afzelia,Afzelia,update
Afzelia africana-type,Afzelia africana type,update
Agavaceae undiff.,Asparagaceae,update
Agrocharis,Daucus,update
Aidia-type,Aidia type,update
Aidia-type micrantha,Aidia micrantha type,update
Aizoaceae undiff.,Aizoaceae,update
Aizoon canariense-type,Aizoon canariense type,update
Ajuga,Ajuga,update
Alafia-type,Alafia type,update
Alangium,Alangium,update
Alangium chinense,Alangium chinense,update
Albizia-type,Albizia type,update
Alchemilla,Alchemilla,update
Alchornea,Alchornea,update
Alchornea cordifolia-type,Alchornea cordifolia type,update
Allanblackia,Allanblackia,update
Allophylus,Allophylus,update
Allophylus abyssinicus-type,Allophylus abyssinicus type,update
Allophylus africanus-type,Allophylus africanus type,update
Alnus,Alnus,update
Aloe-type,Aloe type,update
Alstonia-type,Alstonia type,update
Alstonia-type boonei,Alstonia boonei type,update
Alstonia-type congensis,Alstonia congensis type,update
Alternanthera,Alternanthera,update
Amanoa-type,Amanoa type,update
Amaranthaceae undiff.,Amaranthaceae,update
Amaranthaceae/Chenop,Amaranthaceae,update
Amaranthaceae/Chenopodiaceae undiff.,Amaranthaceae,update
Amaranthus-type,Amaranthus type,update
Amaryllidaceae undiff.,Amaryllidaceae,update
Ambrosia-type maritima,Ambrosia maritima type,update
Ammannia-type,Ammannia type,update
Ammannia-type prieureana,Ammannia prieureana type,update
Ampelocissus-type,Ampelocissus type,update
Amphimas,Amphimas,update
Anacardiaceae undiff.,Anacardiaceae,update
Anacardium occidentale,Anacardium occidentale,update
Anacolosa uncifera,Anacolosa uncifera,update
Anagallis,Anagallis,update
Anchomanes-type,Anchomanes type,update
Anchusa-type,Anchusa type,update
Andrachne,Andrachne,update
Androcymbium,Colchicum,update
Aneilema-type,Aneilema type,update
Anemia-type,Anemia type,update
Angylocalyx-type,Angylocalyx type,update
Aniseia martinicensis,Aniseia martinicensis,update
Anisotes,Anisotes,update
Annona,Annona,update
Annona senegalensis-type,Annona senegalensis type,update
Annonaceae undiff.,Annonaceae,update
Anogeissus-type leiocarpus,Anogeissus leiocarpus type,update
Anogramma leptophylla,Anogramma leptophylla,update
Anopyxis klaineana,Anopyxis klaineana,update
Anthemideae undiff.,Asteroideae,update
Anthocleista,Anthocleista,update
Anthocleista grandiflora-type,Anthocleista grandiflora type,update
Anthocleista vogelii-type,Anthocleista vogelii type,update
Anthonotha-type,Anthonotha type,update
Anthospermum,Anthospermum,update
Anthostema-type,Anthostema type,update
Anthostema-type senegalense,Anthostema senegalense type,update
Antiaris toxicaria/Milicia,Antiaris toxicaria/Milicia,update
Antiaris-type toxicaria,Antiaris toxicaria type,update
Antidesma-type,Antidesma type,update
Antidesma-type venosum,Antidesma venosum type,update
Antrocaryon-type,Antrocaryon type,update
Aphania-type senegalensis,Lepisanthes senegalensis type,update
Aphloia theiformis,Aphloia theiformis,update
Apiaceae undiff.,Apiaceae,update
Apocynaceae undiff.,Apocynaceae,update
Apodytes dimidiata,Apodytes dimidiata,update
Aporrhiza,Aporrhiza,update
Araceae undiff.,Araceae,update
Araliaceae undiff.,Araliaceae,update
Arbutus,Arbutus,update
Ardisia,Ardisia,update
Argania spinosa,Argania spinosa,update
Armeria/Limonium,Armeria/Limonium,update
Arnebia,Arnebia,update
Arnebia hispidissima-type,Arnebia hispidissima type,update
Artemisia,Artemisia,update
Ascarina coursii,Ascarina coursii,update
Asclepiadaceae undiff.,Asclepiadaceae,update
Ascolepis,Cyperus,update
Asparagus,Asparagus,update
Asparagus buchananii-type,Asparagus buchananii type,update
Asphodelaceae undiff.,Asphodelaceae,update
Asphodelus,Asphodelus,update
Aspidiaceae undiff.,Dryopteridaceae,update
Asplenium,Asplenium,update
Asteraceae undiff.,Asteraceae,update
Asystasia,Asystasia,update
Asystasia gangetica-type,Asystasia gangetica type,update
Atractylis-type,Atractylis type,update
Aubrevillea,Aubrevillea,update
Azadirachta indica,Azadirachta indica,update
Azima tetracantha,Azima tetracantha,update
Baikiaea,Baikiaea,update
Baissea-type,Baissea type,update
Balanites,Balanites,update
Balanites aegyptiaca-type,Balanites aegyptiaca type,update
Balanites rotundifolia-type,Balanites rotundifolia type,update
Baphia-type,Baphia type,update
Baphiopsis parviflora,Baphiopsis parviflora,update
Barbeya oleoides,Barbeya oleoides,update
Barleria,Barleria,update
Barringtonia-type,Barringtonia type,update
Basella,Basella,update
Basella alba-type,Basella alba type,update
Basilicum-type polystachyon,Basilicum polystachyon type,update
Batopedina,Batopedina,update
Bauhinia,Bauhinia,update
Bauhinia rufescens-type,Bauhinia rufescens type,update
Begonia,Begonia,update
Begonia meyeri-johannis-type,Begonia meyeri-johannis type,update
Berkheya,Berkheya,update
Berlinia-type,Berlinia type,update
Berlinia/Isoberlinia,Berlinia/Isoberlinia,update
Bersama,Bersama,update
Bersama abyssinica-type,Bersama abyssinica type,update
Bertiera,Bertiera,update
Betula,Betula,update
Bidens-type,Bidens type,update
Bignoniaceae undiff.,Bignoniaceae,update
Blepharis-type,Blepharis type,update
Blighia,Blighia,update
Blighia sapida-type,Blighia sapida type,update
Blighia unijugata-type,Blighia unijugata type,update
Boerhavia-type,Boerhavia type,update
Bombacaceae undiff.,Malvaceae,update
Bombax,Bombax,update
Bombax buonopozense-type,Bombax buonopozense type,update
Bombax costatum-type,Bombax costatum type,update
Boraginaceae undiff.,Boraginaceae,update
Borago officinalis,Borago officinalis,update
Borassus-type aethiopum,Borassus aethiopum type,update
Borassus/Hyphaene,Borassus/Hyphaene,update
Boscia-type,Boscia type,update
Boscia-type angustifolia,Boscia integrifolia type,update
Boscia-type senegalensis,Boscia integrifolia type,update
Boswellia-type,Boswellia type,update
Brachylaena-type,Brachylaena type,update
Brachypterys,Stigmaphyllon,update
Brachystegia,Brachystegia,update
Brachystephanus,Brachystephanus,update
Brassicaceae undiff.,Brassicaceae,update
Bridelia ferruginea-type,Bridelia ferruginea type,update
Bridelia micrantha-type,Bridelia micrantha type,update
Bridelia-type,Bridelia type,update
Bridelia-type scleroneura,Bridelia scleroneura type,update
Brillantaisia,Brillantaisia,update
Brucea,Brucea,update
Brucea antidysenterica-type,Brucea antidysenterica type,update
Bruniaceae undiff.,Bruniaceae,update
Buddleja,Buddleia,update
Burchellia bubalina,Burchellia bubalina,update
Burkea africana,Burkea africana,update
Burnatia enneandra,Burnatia enneandra,update
Burseraceae undiff.,Burseraceae,update
Buxus,Buxus,update
Buxus hildebrandtii-type,Buxus hildebrandtii type,update
Buxus madagascarica-type,Buxus madagascarica type,update
Byttneria,Ayenia,update
Cadaba-type,Cadaba type,update
Cadaba-type farinosa,Cadaba farinosa type,update
Cadaba-type glandulosa,Cadaba glandulosa type,update
Caesalpinia-type,Caesalpinia type,update
Caesalpinia/Haematoxylon,Caesalpinia/Haematoxylon,update
Caesalpiniaceae undiff.,Caesalpinoideae,update
Calamus deerratus,Calamus deerratus,update
Calligonum polygonoides,Calligonum polygonoides,update
Caloncoba-type,Caloncoba type,update
Calpocalyx-type,Calpocalyx type,update
Calpocalyx-type aubrevillei,Calpocalyx aubrevillei type,update
Calpocalyx-type klainei,Calpocalyx klainei type,update
Calpocalyx-type letestui,Calpocalyx letestui type,update
Calpurnia aurea,Calpurnia aurea,update
Calvoa,Calvoa,update
Calycobolus-type,Calycobolus type,update
Campanula-type,Campanula type,update
Campanulaceae undiff.,Campanulaceae,update
Campylospermum,Campylospermum,update
Campylospermum densiflorum-type,Campylospermum densiflorum type,update
Campylostemon,Campylostemon,update
Canarium-type,Canarium type,update
Canavalia-type,Canavalia type,update
Caperonia serrata-type,Caperonia serrata type,update
Capitanya-type otostegioides,Coleus otostegioides type,update
Capparidaceae undiff.,Capparaceae,update
Capparis,Capparis,update
Capparis decidua-type,Capparis decidua type,update
Capparis erythrocarpos-type,Capparis erythrocarpos type,update
Capparis fascicularis-type,Capparis fascicularis type,update
Capparis sepiaria-type,Capparis sepiaria type,update
Capparis tomentosa-type,Capparis tomentosa type,update
Carapa-type,Carapa type,update
Carapa-type procera,Carapa procera type,update
Cardiospermum,Cardiospermum,update
Cardiospermum halicacabum-type,Cardiospermum halicacabum type,update
Carduus-type,Carduus type,update
Carissa,Carissa,update
Carissa edulis-type,Carissa spinarum type,update
Carpinus,Carpinus,update
Carya,Carya,update
Caryophyllaceae undiff.,Caryophyllaceae,update
Casearia,Casearia,update
Cassia-type,Cassia type,update
Cassia-type didymobotrya,Senna didymobotrya type,update
Cassia-type italica,Senna italica type,update
Cassia-type mimosoides,Chamaecrista mimosoides type,update
Cassia-type occidentalis,Senna occidentalis type,update
Cassia-type singueana,Senna singueana type,update
Cassine,Cassine,update
Castanea,Castanea,update
Casuarina,Casuarina,update
Casuarina equisetifolia-type,Casuarina equisetifolia type,update
Catha-type edulis,Catha edulis type,update
Cathaya,Cathaya,update
Catunaregam-type,Catunaregam type,update
Catunaregam-type nilotica,Catunaregam nilotica type,update
Caucanthus-type,Caucanthus type,update
Caucanthus-type edulis,Caucanthus edulis type,update
Caylusea-type,Caylusea type,update
Cayratia-type,Cayratia type,update
Cayratia-type ibuensis,Cayratia ibuensis type,update
Cedrus,Cedrus,update
Ceiba pentandra,Ceiba pentandra,update
Celastraceae undiff.,Celastraceae,update
Celastraceae/Hippocrateaceae undiff.,Celastraceae,update
Celosia argentea-type,Celosia argentea type,update
Celosia-type,Celosia type,update
Celosia-type trigyna,Celosia trigyna type,update
Celsia,Celsia,update
Celtis,Celtis,update
Celtis africana-type,Celtis africana type,update
Celtis toka-type,Celtis toka type,update
Centaurea perrotettii,Centaurea perrottettii,update
Centaurea-type,Centaurea type,update
Centaurea-type jacea,Centaurea jacea type,update
Centaurea-type perrottetii,Centaurea perrottettii type,update
Centaurea-type scabiosa,Centaurea scabiosa type,update
Centaurea-type sinaica,Centaurea sinaica type,update
Centaurea/Tarchonanthus,Centaurea/Tarchonanthus,update
Centemopsis-type,Centemopsis type,update
Centemopsis-type gracilenta,Centemopsis gracilenta type,update
Centrosema-type,Centrosema type,update
Cephalaria,Cephalaria,update
Cerastium afromontanum-type,Cerastium afromontanum type,update
Cerastium-type octandrum,Cerastium octandrum type,update
Ceratonia oreothauma,Ceratonia oreothauma,update
Cercestis-type congoensis,Cercestis congoensis type,update
Ceriops tagal,Ceriops tagal,update
Chaetacme aristata,Chaetacme aristata,update
Chaetocarpus africanus,Chaetocarpus africanus,update
Chascanum,Chascanum,update
Chassalia,Chassalia,update
Chassalia kolly-type,Chassalia kolly type,update
Cheilanthes/Pellaea,Cheilanthes/Hemionites,update
Chenopodiaceae undiff.,Amaranthaceae,update
Chenopodium-type,Chenopodium type,update
Chionanthus mildbraedii-type,Chionanthus mildbraedii type,update
Chlorophytum-type,Chlorophytum type,update
Chouxia-type,Chouxia type,update
Christiana africana,Christiana africana,update
Chrozophora,Chrozophora,update
Chrozophora brocchiana-type,Chrozophora brocchiana type,update
Chrysobalanaceae undiff.,Chrysobalanaceae,update
Chrysobalanus icaco/Parinari,Chrysobalanus icaco/Parinari,update
Chrysobalanus-type icaco,Chrysobalanus icaco type,update
Chrysophyllum-type,Chrysophyllum type,update
Chrysophyllum-type bangweolense,Donella bangweolense type,update
Cichorieae undiff.,Cichorioideae,update
Cissampelos-type,Cissampelos type,update
Cissampelos-type mucronata,Cissampelos mucronata type,update
Cissus,Cissus,update
Cissus quadrangularis-type,Cissus quadrangularis type,update
Cistaceae undiff.,Cistaceae,update
Cistanche,Cistanche,update
Cistus,Cistus,update
Citrullus,Citrullus,update
Citrus,Citrus,update
Clappertonia ficifolia-type,Clappertonia ficifolia type,update
Clausena anisata,Clausena anisata,update
Cleistanthus-type,Cleistanthus type,update
Cleistanthus-type polystachyus,Cleistanthus polystachyus type,update
Cleistopholis-type patens,Cleistopholis patens type,update
Clematis-type,Clematis type,update
Clematis-type hirsuta,Clematis hirsuta type,update
Cleome-type,Cleome type,update
Cleome-type arabica,Cleome arabica type,update
Cleome-type brachycarpa,Cleome brachycarpa type,update
Cleome-type gynandra,Cleome gynandra type,update
Cleome-type monophylla,Cleome monophylla type,update
Cleome-type rutidosperma,Cleome rutidosperma type,update
Cleome-type scaposa,Cleome scaposa type,update
Cleome-type usambarica,Cleome usambarica type,update
Clerodendrum,Clerodendrum,update
Cliffortia,Cliffortia,update
Cliffortia nitidula-type,Cliffortia nitidula type,update
Clusiaceae undiff.,Clusiaceae,update
Clutia,Clutia,update
Cnestis-type,Cnestis type,update
Cnestis-type ferruginea,Cnestis ferruginea type,update
Coccinia,Coccinia,update
Coccinia grandis-type,Coccinia grandis type,update
Cocculus,Cocculus,update
Cocculus hirsutus-type,Cocculus hirsutus type,update
Cocculus pendulus-type,Cocculus pendulus type,update
Cochlospermum,Cochlospermum,update
Cocos nucifera,Cocos nucifera,update
Coffea,Coffea,update
Cola cordifolia-type,Cola cordifolia type,update
Cola-type,Cola type,update
Cola-type nitida,Cola nitida type,update
Colchicaceae undiff.,Colchicaceae,update
Colophospermum mopane,Colophospermum mopane,update
Colpothrinax,Colpothrinax,update
Combretaceae undiff.,Combretaceae,update
Combretum-type,Combretum type,update
Combretum-type aculeatum,Combretum aculeatum type,update
Combretum-type glutinosum,Combretum glutinosum type,update
Combretum-type molle,Combretum molle type,update
Combretum-type paniculatum,Combretum paniculatum type,update
Commelina-type,Commelina type,update
Commelina-type benghalensis,Commelina benghalensis type,update
Commelina-type capitata,Commelina capitata type,update
Commelina-type forskalaei,Commelina forskaolii type,update
Commelinaceae undiff.,Commelinaceae,update
Commicarpus-type,Commicarpus type,update
Commicarpus-type plumbagineus,Commicarpus plumbagineus type,update
Commiphora,Commiphora,update
Commiphora africana-type,Commiphora africana type,update
Commiphora edulis-type,Commiphora edulis type,update
Commiphora madagascarensis-type,Commiphora madagascariensis type,update
Connaraceae undiff.,Connaraceae,update
Conocarpus,Conocarpus,update
Convolvulaceae undiff.,Convolvulaceae,update
Convolvulus-type,Convolvulus type,update
Copaifera-type,Copaifera type,update
Copaifera-type salikounda,Copaifera salikounda type,update
Corbichonia-type decumbens,Corbichonia decumbens type,update
Corchorus-type,Corchorus type,update
Corchorus-type fascicularis,Corchorus fascicularis type,update
Corchorus-type olitorius,Corchorus olitorius type,update
Cordia,Cordia,update
Cordia africana-type,Cordia africana type,update
Cornulaca,Cornulaca,update
Cornulaca monacantha-type,Cornulaca monacantha type,update
Corylus,Corylus,update
Cotinus,Cotinus,update
Cotula-type anthemoides,Cotula anthemoides type,update
Coula edulis,Coula edulis,update
Crassocephalum-type,Crassocephalum type,update
Crassocephalum-type montuosum,Crassocephalum montuosum type,update
Crassula,Crassula,update
Crassula alba-type,Crassula alba type,update
Crassula hedbergii-type,Crassula granvikii type,update
Crassulaceae undiff.,Crassulaceae,update
Craterispermum,Craterispermum,update
Crateva adansonii,Crateva adansonii,update
Crepis-type,Crepis type,update
Cressa-type cretica,Cressa cretica type,update
Crinum,Crinum,update
Crossandra,Crossandra,update
Crossopteryx febrifuga,Crossopteryx febrifuga,update
Crotalaria,Crotalaria,update
Croton-type,Croton type,update
Croton-type macrostachyus,Croton macrostachyus type,update
Croton/Jatropha,Croton/Jatropha,update
Croton/Neoboutonia,Croton/Neoboutonia,update
Crudia-type,Crudia type,update
Crudia-type gabonensis,Crudia gabonensis type,update
Cryptosepalum,Cryptosepalum,update
Cucumis,Cucumis,update
Cucumis dipsaceus-type,Cucumis dipsaceus type,update
Cucurbitaceae undiff.,Cucurbitaceae,update
Culcasia scandens-type,Culcasia scandens type,update
Cupressaceae undiff.,Cupressaceae,update
Cupressus-type,Cupressus type,update
Cupressus-type lusitanica,Hesperocyparis lusitanica,update
Curculigo,Curculigo,update
Cuscuta-type,Cuscuta type,update
Cussonia,Cussonia,update
Cussonia arborea-type,Cussonia arborea type,update
Cuviera,Cuviera,update
Cyathea,Cyathea,update
Cyathea manniana-type,Alsophila manniana type,update
Cyathogyne,Thecacoris,update
Cyathula-type,Cyathula type,update
Cyathula-type orthacantha,Cyathula orthacantha type,update
Cylicodiscus-type gabunensis,Cylicodiscus gabunensis type,update
Cynoglossum-type,Cynoglossum type,update
Cynometra-type,Cynometra type,update
Cynomorium coccineum,Cynomorium coccineum,update
Cyperaceae undiff.,Cyperaceae,update
Cyperus-type conglomeratus,Cyperus conglomeratus type,update
Cyperus-type laevigatus,Cyperus laevigatus type,update
Cyphostemma-type,Cyphostemma type,update
Cystopteris,Cystopteris,update
Cyttaranthus congolensis,Cyttaranthus congolensis,update
Dacryodes-type,Dacryodes type,update
Dalbergia,Dalbergia,update
Dalechampia,Dalechampia,update
Daniellia,Daniellia,update
Davallia-type,Davallia type,update
Davalliaceae undiff.,Polypodiaceae,update
Decarya madagascariensis,Decarya madagascariensis,update
Deinbollia-type,Deinbollia type,update
Delonix,Delonix,update
Delonix elata-type,Delonix elata type,update
Delphinium,Delphinium,update
Desmodium,Desmodium,update
Desmodium repandum-type,Hylodesmum repandum type,update
Desplatsia-type,Desplatsia type,update
Detarium,Detarium,update
Dialium,Dialium,update
Dialium guineense-type,Dialium guineense type,update
Dianthus-type,Dianthus type,update
Dichondra-type micrantha,Dichondra micrantha type,update
Dichostemma-type glaucescens,Dichostemma glaucescens type,update
Dichrostachys,Dichrostachys,update
Dichrostachys cinerea-type,Dichrostachys cinerea type,update
Dicliptera-type,Dicliptera type,update
Dicoma,Dicoma,update
Dictyandra,Dictyandra,update
Didelotia-type,Didelotia type,update
Didierea,Didierea,update
Digera-type muricata,Digera muricata type,update
Diodia-type,Diodia type,update
Dioscorea,Dioscorea,update
Diospyros,Diospyros,update
Dipsacaceae undiff.,Dipsacaceae,update
Dipsacus,Dipsacus,update
Dipsacus pinnatifidus-type,Dipsacus pinnatifidus type,update
Dipterocarpaceae undiff.,Dipterocarpaceae,update
Dipterygium-type glaucum,Cleome pallida type,update
Dobera-type,Dobera type,update
Dobera-type glabra,Dobera glabra type,update
Dodonaea,Dodonaea,update
Dodonaea angustifolia-type,Dodonaea viscosa subsp angustifolia type,update
Dodonaea viscosa-type,Dodonaea viscosa type,update
Dolichos-type,Dolichos type,update
Dombeya-type,Dombeya type,update
Dombeya-type buettneri,Dombeya buettneri type,update
Dombeya-type quinqueseta,Dombeya quinqueseta type,update
Dorstenia africana-type,Dorstenia africana type,update
Dorstenia barteri-type,Dorstenia barteri type,update
Dorstenia foetida-type,Dorstenia foetida type,update
Dorstenia kameruniana-type,Dorstenia kameruniana type,update
Dorstenia zanzibarica-type,Dorstenia zanzibarica type,update
Dorstenia-type,Dorstenia type,update
Dorstenia-type scaphigera,Hijmania scaphigera type,update
Dracaena,Dracaena,update
Dracaena afromontana-type,Dracaena afromontana type,update
Dracaena steudneri-type,Dracaena steudneri type,update
Drimia,Drimia,update
Drimiopsis,Drimiopsis,update
Drosanthemum-type,Drosanthemum type,update
Drymaria cordata-type,Drymaria cordata type,update
Drypetes-type,Drypetes type,update
Drypetes-type molunduana,Drypetes molunduana type,update
Duosperma,Duosperma,update
Duparquetia orchidacea,Duparquetia orchidacea,update
Dyschoriste-type,Dyschoriste type,update
Ebenaceae undiff.,Ebenaceae,update
Echinops,Echinops,update
Echinops spinosus-type,Echinops spinosus type,update
Echiochilon,Echiochilon,update
Ehretia,Ehretia,update
Ehretia cymosa-type,Ehretia cymosa type,update
Ekebergia-type,Ekebergia type,update
Ekebergia-type capensis,Ekebergia capensis type,update
Elaeis guineensis,Elaeis guineensis,update
Elaeocarpaceae undiff.,Elaeocarpaceae,update
Elaeocarpus,Elaeocarpus,update
Elaeophorbia-type drupifera,Euphorbia drupifera type,update
Embelia-type,Embelia type,update
Encephalartos,Encephalartos,update
Englerophytum,Englerophytum,update
Enicostema,Enicostema,update
Entada-type,Entada type,update
Entada-type abyssinica,Entada abyssinica type,update
Entada-type gigas,Entada gigas type,update
Entada/Piptadeniastrum,Entada/Piptadeniastrum,update
Entada/Prosopis,Entada/Prosopis,update
Entandrophragma-type,Entandrophragma type,update
Ephedra,Ephedra,update
Ephedra distachya-type,Ephedra distachya type,update
Ephedra fragilis-type,Ephedra fragilis type,update
Ephippiandra,Ephippiandra,update
Epilobium-type,Epilobium type,update
Equisetum,Equisetum,update
Erica-type,Erica type,update
Erica-type arborea,Erica arborea type,update
Erica-type comorensis,Erica comorensis type,update
Ericaceae undiff.,Ericaceae,update
Eriocaulaceae undiff.,Eriocaulaceae,update
Eriocaulon-type,Eriocaulon type,update
Eriocoelum,Eriocoelum,update
Eriocoelum macrocarpum-type,Eriocoelum macrocarpum type,update
Eriosema-type,Eriosema type,update
Erodium,Erodium,update
Erythrina,Erythrina,update
Erythrina abyssinica-type,Erythrina abyssinica type,update
Erythrococca-type,Erythrococca type,update
Erythrococca-type africana,Erythrococca africana type,update
Erythrophleum-type,Erythrophleum type,update
Erythroxylaceae undiff.,Erythroxylaceae,update
Erythroxylum,Erythroxylum,update
Eucalyptus-type,Eucalyptus type,update
Euclea,Euclea,update
Eugenia-type,Eugenia type,update
Eugenia/Syzygium,Eugenia/Syzygium,update
Euphorbia-type,Euphorbia type,update
Euphorbia-type abyssinica,Euphorbia abyssinica type,update
Euphorbia-type acalyphoides,Euphorbia acalyphoides type,update
Euphorbia-type hirta,Euphorbia hirta type,update
Euphorbia-type indica,Euphorbia indica type,update
Euphorbiaceae undiff.,Euphorbiaceae,update
Evolvulus-type,Evolvulus type,update
Excoecaria-type,Excoecaria type,update
Fabaceae undiff.,Fabaceae,update
Fadogia-type,Fadogia type,update
Fagaceae undiff.,Fagaceae,update
Fagaropsis-type angolensis,Fagaropsis angolensis type,update
Fagonia,Zygophyllum,update
Fagus,Fagus,update
Faidherbia albida,Faidherbia albida,update
Farsetia,Farsetia,update
Faurea-type,Faurea type,update
Ficalhoa-type laurifolia,Ficalhoa laurifolia type,update
Ficus,Ficus,update
Filicium-type,Filicium type,update
Filipendula,Filipendula,update
Flabellaria-type paniculata,Flabellaria paniculata type,update
Flabellariopsis acuminata,Flabellariopsis acuminata,update
Flacourtia,Flacourtia,update
Flacourtiaceae undiff.,Salicaceae,update
Floscopa-type,Floscopa type,update
Flueggea,Flueggea,update
Flueggea virosa-type,Flueggea virosa type,update
Fraxinus,Fraxinus,update
Fraxinus ornus-type,Fraxinus ornus type,update
Funtumia-type,Funtumia type,update
Gaertnera,Gaertnera,update
Gaertnera paniculata-type,Gaertnera paniculata type,update
Gagnebina,Gagnebina,update
Galiniera saxifraga,Galiniera saxifraga,update
Galium-type,Galium type,update
Galium/Rubia,Galium/Rubia,update
Ganophyllum-type giganteum,Ganophyllum giganteum type,update
Garcinia,Garcinia,update
Garcinia gnetoides-type,Garcinia quadrifaria type,update
Garcinia volkensii-type,Garcinia volkensii type,update
Gardenia-type,Gardenia type,update
Gardenia-type imperialis,Gardenia imperialis type,update
Gardenia-type ternifolia,Gardenia ternifolia type,update
Gardenieae undiff.,Gardenieae,update
Gazania-type,Gazania type,update
Gentianaceae undiff.,Gentianaceae,update
Geraniaceae undiff.,Geraniaceae,update
Geranium,Geranium,update
Gerbera,Gerbera,update
Gilbertiodendron-type,Gilbertiodendron type,update
Gilbertiodendron-type mayombense,Gilbertiodendron mayombense type,update
Gisekia,Gisekia,update
Gisekia pharnacioides-type,Gisekia pharnaceoides type,update
Givotia gosai/Jatropha,Givotia gosai/Jatropha,update
Glenniea-type,Glenniea type,update
Glyphaea brevis,Glyphaea brevis,update
Gnidia-type,Gnidia type,update
Gnidia-type chrysantha,Gnidia chrysantha type,update
Gomphrena,Gomphrena,update
Grammitis,Grammitis,update
Grewia-type,Grewia type,update
Grewia-type tenax,Grewia tenax type,update
Grewia-type villosa,Grewia villosa type,update
Guibourtia,Guibourtia,update
Guibourtia demeusei-type,Guibourtia demeusei type,update
Gunnera perpensa,Gunnera perpensa,update
Gymnocarpos decandrum,Gymnocarpos decander,update
Gymnopteris,Gymnopteris,update
Gypsophila montana,Petroana montana,update
Gyrocarpus,Gyrocarpus,update
Haematostaphis-type barteri,Haematostaphis barteri type,update
Hagenia abyssinica,Hagenia abyssinica,update
Hallea-type,Mitragyna type,update
Hallea-type ledermannii,Mitragyna ledermannii type,update
Hallea-type rubrostipulata,Mitragyna rubrostipulata type,update
Hallea-type stipulosa,Mitragyna stipulosa type,update
Halorrhagaceae undiff.,Haloragaceae,update
Hannoa,Quassia,update
Haplocoelum,Haplocoelum,update
Harpullia-type pendula,Harpullia pendula type,update
Harrisonia abyssinica,Harrisonia abyssinica,update
Harungana,Harungana,update
Harungana madagascariensis-type,Harungana madagascariensis type,update
Hebenstretia,Hebenstretia,update
Hebenstretia dentata-type,Hebenstretia dentata type,update
Hedera,Hedera,update
Heisteria,Heisteria,update
Heliantheae undiff.,Asteroideae,update
Helianthemum,Helianthemum,update
Helichrysum-type,Helichrysum type,update
Helichrysum/Bidens,Helichrysum/Bidens,update
Heliotropium,Heliotropium,update
Heliotropium indicum-type,Heliotropium indicum type,update
Heliotropium ramosissimum-type,Heliotropium ramosissimum type,update
Heliotropium steudneri-type,Heliotropium steudneri type,update
Heliotropium strigosum-type,Euploca strigosa type,update
Hemizygia bracteosa-type,Syncolostemon bracteosus type,update
Heritiera littoralis,Heritiera littoralis,update
Hermannia-type,Hermannia type,update
Heteromorpha-type,Heteromorpha type,update
Heteropteris leona,Hemionitis leonina,update
Heterotis-type,Heterotis type,update
Hevea brasiliensis,Hevea brasiliensis,update
Hewittia-type scandens,Hewittia malabarica,update
Hibiscus,Hibiscus,update
Hibiscus micranthus-type,Hibiscus micranthus type,update
Hildebrandtia-type,Hildebrandtia type,update
Hildebrandtia-type obcordata,Hildebrandtia obcordata type,update
Hildegardia barteri,Hildegardia barteri,update
Hippocratea-type,Hippocratea type,update
Hippocrateaceae undiff.,Celastraceae,update
Hippophae,Hippophae,update
Hirpicium-type diffusum,Hirpicium diffusum type,update
Holarrhena-type,Holarrhena type,update
Holoptelea grandis,Holoptelea grandis,update
Homalium,Homalium,update
Hua gaboni,Hua gaboni,update
Hugonia,Hugonia,update
Hugonia platysepala-type,Hugonia platysepala type,update
Hura crepitans,Hura crepitans,update
Hyacinthaceae undiff.,Asparagaceae,update
Hydrolea,Hydrolea,update
Hymenocardia,Hymenocardia,update
Hymenocardia acida-type,Hymenocardia acida type,update
Hymenocardia ulmoides-type,Hymenocardia ulmoides type,update
Hymenodictyon-type,Hymenodictyon type,update
Hymenodictyon-type floribundum,Hymenodictyon floribundum type,update
Hymenostegia-type,Hymenostegia type,update
Hymenostegia-type pellegrinii,Hymenostegia pellegrinii type,update
Hypericaceae undiff.,Hypericaceae,update
Hypericum,Hypericum,update
Hyphaene-type,Hyphaene type,update
Hyphaene-type thebaïca,Hyphaene thebaica type,update
Hypoestes type,Hypoestes type,update
Hypoestes-type,Hypoestes type,update
Hypoestes/Peristrophe,Hypoestes/Dicliptera,update
Hyptis,Hyptis,update
Hyptis pectinata-type,Mesosphaerum pectinatum,update
Icacina-type,Icacina type,update
Icacinaceae undiff.,Icacinaceae,update
Ilex mitis,Ilex mitis,update
Impatiens,Impatiens,update
Indigofera,Indigofera,update
Indigofera (Legum:Cesalpinoideae),Indigofera,update
Indigofera schimperi-type,Indigofera schimperi type,update
Inuleae undiff.,Asteroideae,update
Iodes,Iodes,update
Ipomoea-type,Ipomoea type,update
Iridaceae undiff.,Iridaceae,update
Irvingia-type,Irvingia type,update
Irvingia-type gabonensis,Irvingia gabonensis type,update
Irvingiaceae undiff.,Irvingiaceae,update
Isoberlinia-type,Isoberlinia type,update
Isoglossa,Isoglossa,update
Isonema smeathmannii-type,Isonema smeathmannii type,update
Ixora-type,Ixora type,update
Ixora-type brachypoda,Ixora brachypoda type,update
Ixoratype brachypoda,Ixora brachypoda type,update
Jacquemontia,Jacquemontia,update
Jasminum,Jasminum,update
Jasminum abyssinicum-type,Jasminum abyssinicum type,update
Jasminum floribundum-type,Jasminum grandiflorum subsp floribundum type,update
Jatropha-type,Jatropha type,update
Jatropha-type pelargoniifolia,Jatropha pelargoniifolia type,update
Josephinia africana,Sesamum rosaceum,update
Juglans,Juglans,update
Julbernardia-type,Julbernardia type,update
Julbernardia-type paniculata,Julbernardia paniculata type,update
Julbernardia-type seretii,Julbernardia seretii type,update
Juncaceae undiff.,Juncaceae,update
Juncus,Juncus,update
Juniperus-type,Juniperus type,update
Juniperus-type excelsa,Juniperus excelsa type,update
Juniperus-type procera,Juniperus procera type,update
Justicia anselliana-type,Justicia anselliana type,update
Justicia striata-type,Justicia striata type,update
Justicia-type,Justicia type,update
Justicia-type betonica,Nicoteba betonica type,update
Justicia-type caerulea,Justicia caerulea type,update
Justicia-type flava,Justicia flava type,update
Justicia-type odora,Justicia odora type,update
Justicia/Monechma,Justicia/Monechma,update
Kalanchoe,Kalanchoe,update
Kedrostis,Kedrostis,update
Keetia-type cornelia,Keetia cornelia type,update
Keetia-type gueinzii,Keetia gueinzii type,update
Khaya-type,Khaya type,update
Kigelia africana,Kigelia africana,update
Kiggelaria africana,Kiggelaria africana,update
Kirkia,Kirkia,update
Klaineanthus gaboniae,Klaineanthus gaboniae,update
Klainedoxa-type,Klainedoxa type,update
Kleinia,Kleinia,update
Knautia,Knautia,update
Kniphofia-type,Kniphofia type,update
Kohautia,Kohautia,update
Kohautia caespitosa-type,Kohautia caespitosa type,update
Kotschya,Kotschya,update
Laccosperma,Laccosperma,update
Laccosperma secundiflorum-type,Laccosperma secundiflorum type,update
Lactuceae undiff.,Cichorioideae,update
Laguncularia racemosa,Laguncularia racemosa,update
Lamiaceae undiff.,Lamiaceae,update
Landolphia-type,Landolphia type,update
Lannea-type,Lannea type,update
Lannea-type acida,Lannea acida type,update
Lannea/Sclerocarya,Lannea/Sclerocarya,update
Lantana-type,Lantana type,update
Lantana-type ukambensis,Lantana ukambensis type,update
Lantana-type viburnoides,Lantana viburnoides type,update
Laportea-type,Laportea type,update
Laportea-type aestuans,Laportea aestuans type,update
Lasiodiscus mildbraedii-type,Lasiodiscus mildbraedii type,update
Lasiomorpha-type senegalensis,Lasiomorpha senegalensis type,update
Launaea-type taraxacifolia,Launaea taraxacifolia type,update
Lauraceae undiff.,Lauraceae,update
Laurembergia tetrandra,Laurembergia tetrandra,update
Lawsonia-type inermis,Lawsonia inermis type,update
Lecaniodiscus-type,Lecaniodiscus type,update
Lecaniodiscus-type cupanioides,Lecaniodiscus cupanioides type,update
Leea guineensis,Leea guineensis,update
Leguminosae undiff.,Fabaceae,update
Lentibulariaceae undiff.,Lentibulariaceae,update
Leonardoxa,Leonardoxa,update
Leonotis-type,Leonotis type,update
Lepidagathis,Lepidagathis,update
Lepistemon owariense-type,Lepistemon owariensis type,update
Leptaulus,Leptaulus,update
Leptonychia,Leptonychia,update
Leucadendron-type,Leucadendron type,update
Leucas-type,Leucas type,update
Leucosidea sericea,Leucosidea sericea,update
Ligustrum,Ligustrum,update
Limnophyton-type,Limnophyton type,update
Limoniastrum-type,Limoniastrum type,update
Limoniastrum/Limonium,Limoniastrum/Limonium,update
Limonium-type,Limonium type,update
Limosella-type,Limosella type,update
Linaceae undiff.,Linaceae,update
Lindernia,Lindernia,update
Lingelsheimia fructescens,Lingelsheimia frutescens,update
Linum,Linum,update
Linum tenuifolium-type,Linum tenuifolium type,update
Lippia-type,Lippia type,update
Lobelia,Lobelia,update
Loesenera-type,Loesenera type,update
Loganiaceae undiff.,Loganiaceae,update
Lonchocarpus,Lonchocarpus,update
Lonchocarpus sericeus-type,Lonchocarpus sericeus type,update
Lophira,Lophira,update
Lophira alata-type,Lophira alata type,update
Loranthaceae undiff.,Loranthaceae,update
Lotus,Lotus,update
Lotus arabicus-type,Lotus arabicus type,update
Ludwigia-type,Ludwigia type,update
Luffa-type,Luffa type,update
Luffa-type cylindrica,Cucumis melo,update
Lumnitzera racemosa,Lumnitzera racemosa,update
Lycium,Lycium,update
Lycopodium,Lycopodium,update
Lygodium,Lygodium,update
Lygodium microphyllum,Lygodium microphyllum,update
Lygodium smithianum,Lygodium smithianum,update
Lysimachia,Lysimachia,update
Lythraceae undiff.,Lythraceae,update
Lythrum,Lythrum,update
Macaranga-type,Macaranga type,update
Macaranga-type capensis,Macaranga capensis type,update
Macaranga-type monandra,Macaranga monandra type,update
Machaerium-type lunatum,Machaerium lunatum type,update
Macrosphyra-type,Macrosphyra type,update
Maerua-type,Maerua type,update
Maerua-type crassifolia,Maerua crassifolia type,update
Maerua/Ritchiea,Maerua/Ritchiea,update
Maesa,Maesa,update
Maesa lanceolata-type,Maesa lanceolata type,update
Maesopsis eminii,Maesopsis eminii,update
Majidea,Majidea,update
Mallotus-type,Mallotus type,update
Mallotus-type oppositifolius,Mallotus oppositifolius type,update
Malpighiaceae undiff.,Malpighiaceae,update
Malvaceae undiff.,Malvaceae,update
Mangifera indica,Mangifera indica,update
Manilkara-type,Manilkara type,update
Manilkara-type butugii,Manilkara butugi type,update
Mansonia,Mansonia,update
Mansonia altissima-type,Mansonia altissima type,update
Maprounea,Maprounea,update
Maranthes-type,Maranthes type,update
Mareya-type micrantha,Mareya micrantha type,update
Margaritaria discoidea,Margaritaria discoidea,update
Markhamia,Markhamia,update
Marsilea,Marsilea,update
Martretia quadricornis,Martretia quadricornis,update
Maytenus,Maytenus,update
Maytenus senegalensis-type,Gymnosporia senegalensis type,update
Medemia nobilis,Bismarckia nobilis,update
Melastomataceae undiff.,Melastomataceae,update
Melia-type,Melia type,update
Meliaceae undiff.,Meliaceae,update
Mellera-type,Mellera type,update
Melochia,Melochia,update
Mendoncia,Mendoncia,update
Menispermaceae undiff.,Menispermaceae,update
Mercurialis,Mercurialis,update
Merremia-type,Merremia type,update
Mesanthemum-type,Mesanthemum type,update
Mesembryanthemum,Mesembryanthemum,update
Mezoneuron-type,Mezoneuron type,update
Micrococca-type,Micrococca type,update
Micrococca-type mercurialis,Micrococca mercurialis type,update
Microdesmis,Microdesmis,update
Milicia-type,Milicia type,update
Milicia-type excelsa,Milicia excelsa type,update
Millettia-type,Millettia type,update
Millettia-type ferruginea,Millettia ferruginea type,update
Mimosa,Mimosa,update
Mimosa pigra-type,Mimosa pigra type,update
Mimosa/Xylia,Mimosa/Xylia,update
Mimosaceae undiff.,Caesalpinoideae,update
Mimulopsis-type,Mimulopsis type,update
Mimusops-type,Mimusops type,update
Mimusops-type kummel,Mimusops kummel type,update
Minuartia-type filifolia,Minuartia filifolia type,update
Mitracarpus villosus,Mitracarpus hirtus,update
Mitragyna-type inermis,Mitragyna inermis type,update
Mitriostigma,Mitriostigma,update
Mohria-type,Mohria type,update
Mollugo,Mollugo,update
Moltkiopsis ciliata,Moltkiopsis ciliata,update
Momordica-type,Momordica type,update
Monechma-type,Monechma type,update
Monechma-type ciliatum,Monechma ciliatum type,update
Monimia,Monimia,update
Monimiaceae undiff.,Monimiaceae,update
Monodora,Monodora,update
Monodora tenuifolia,Monodora tenuifolia,update
Monolete lisse,Polypodiales,update
Monoletes undiff.,Polypodiales,update
Monopetalanthus-type,Monopetalanthus type,update
Monotes,Monotes,update
Monotes kerstingii-type,Monotes kerstingii type,update
Monsonia,Monsonia,update
Moraceae undiff.,Moraceae,update
Morelia senegalensis,Morelia senegalensis,update
Morinda,Morinda,update
Morinda lucida-type,Morinda lucida type,update
Morus-type mesozygia,Morus mesozygia type,update
Musanga-type,Musanga type,update
Musanga/Myrianthus,Musanga/Myrianthus,update
Mussaenda,Mussaenda,update
Mutisieae undiff.,Mutisioideae,update
Myrianthus-type,Myrianthus type,update
Myrianthus-type arboreus,Myrianthus arboreus type,update
Myrianthus-type holstii,Myrianthus holstii type,update
Myrianthus-type serratus,Myrianthus serratus type,update
Myrica,Myrica,update
Myrica humilis-type,Myrica humilis type,update
Myrothamnus flabellifolius,Myrothamnus flabellifolius,update
Myrsinaceae undiff.,Primulaceae,update
Myrsine africana,Myrsine africana,update
Myrtaceae undiff.,Myrtaceae,update
Myrtus-type,Myrtus type,update
Napoleonaea-type,Napoleonaea type,update
Nauclea-type,Nauclea type,update
Nauclea/Mitragyna,Nauclea/Mitragyna,update
Naucleae undiff.,Nauclea,update
Nelsonia canescens,Nelsonia canescens,update
Neoboutonia-type,Neoboutonia type,update
Nephrolepis-type,Nephrolepis type,update
Neptunia oleracea,Neptunia prostrata,update
Nesaea-type,Ammannia type,update
Nesogordonia,Nesogordonia,update
Neurada procumbens,Neurada procumbens,update
Newbouldia laevis,Newbouldia laevis,update
Newtonia-type,Newtonia type,update
Nitraria retusa,Nitraria retusa,update
Noronhia,Noronhia,update
Nothofagus,Nothofagus,update
Nucularia perrini,Nucularia perrinii,update
Nuxia-type,Nuxia type,update
Nuxia-type congesta,Nuxia congesta type,update
Nuxia-type floribunda,Nuxia floribunda type,update
Nyctaginaceae undiff.,Nyctaginaceae,update
Nypa fructicans,Nypa fruticans,update
Ochna,Ochna,update
Ochnaceae undiff.,Ochnaceae,update
Ochthocosmus,Ochthocosmus,update
Ocimum-type,Ocimum type,update
Ocimum-type basilicum,Ocimum basilicum type,update
Octolobus,Octolobus,update
Oenothera,Oenothera,update
Olacaceae undiff.,Olacaceae,update
Olax,Olax,update
Olax dissitiflora-type,Olax dissitiflora type,update
Oldenlandia-type,Oldenlandia type,update
Oldfieldia-type,Oldfieldia type,update
Olea,Olea,update
Olea capensis-type,Olea capensis type,update
Olea capensis-type ssp. hochstetteri,Olea capensis ssp hochstetteri type,update
Olea capensis-type ssp. welwitschii,Olea europaea ssp africana type,update
Olea europaea-type,Olea europaea type,update
Olea europaea-type ssp africana,Olea europaea ssp africana type,update
Olea lapperrinei-type,Olea europaea subsp laperinei type,update
Oleaceae undiff.,Oleaceae,update
Oligocodon-type cunliffeae,Oligocodon cunliffeae type,update
Olinia,Olinia,update
Onagraceae undiff.,Onagraceae,update
Oncoba,Oncoba,update
Operculicarya-type,Operculicarya type,update
Ophioglossaceae undiff.,Ophioglossaceae,update
Ophioglossum,Ophioglossum,update
Opilia,Opilia,update
Opiliaceae undiff.,Opiliaceae,update
Orchidaceae undiff.,Orchidaceae,update
Ormocarpum-type,Ormocarpum type,update
Ormocarpum-type trichocarpum,Ormocarpum trichocarpum type,update
Osmunda,Osmunda,update
Osmunda regalis,Osmunda regalis,update
Osmundaceae undiff.,Osmundaceae,update
Ostrya,Ostrya,update
Osyris,Osyris,update
Otomeria,Otomeria,update
Ottelia-type,Ottelia type,update
Oxalis,Oxalis,update
Oxyanthus-type,Oxyanthus type,update
Oxygonum,Oxygonum,update
Oxystigma-type,Prioria type,update
Ozoroa-type,Ozoroa type,update
Pachypodium,Pachypodium,update
Pacourina-type,Pacourina type,update
Palmae undiff.,Arecaceae,update
Pancovia-type,Pancovia type,update
Pancovia-type bijuga,Pancovia bijuga type,update
Pancratium-type,Pancratium type,update
Pandanus,Pandanus,update
Pandanus candelabrum-type,Pandanus candelabrum type,update
Pappea capensis,Pappea capensis,update
Paramacrolobium coeruleum,Paramacrolobium coeruleum,update
Parinari-type,Parinari type,update
Parkia,Parkia,update
Parkia biglobosa-type,Parkia biglobosa type,update
Parkinsonia,Parkinsonia,update
Paronychia,Paronychia,update
Passerina montana,Passerina montana,update
Passifloraceae undiff.,Passifloraceae,update
Paullinia pinnata,Paullinia pinnata,update
Pausinystalia-type,Corynanthe type,update
Pausinystalia-type macroceras,Corynanthe macroceras type,update
Pavetta,Pavetta,update
Pavetta abyssinica-type,Pavetta abyssinica type,update
Pavonia,Pavonia,update
Pedaliaceae undiff.,Pedaliaceae,update
Peganum,Peganum,update
Pelargonium,Pelargonium,update
Pellaea,Hemionitis,update
Peltophorum africanum,Peltophorum africanum,update
Penianthus,Penianthus,update
Pentabrachion-type reticulatum,Pentabrachion reticulatum type,update
Pentaclethra macrophylla,Pentaclethra macrophylla,update
Pentaclethra-type,Pentaclethra type,update
Pentaclethra-type eetveldeana,Pentaclethra eetveldeana type,update
Pentadesma,Pentadesma,update
Pentadesma butyracea-type,Pentadesma butyracea type,update
Pentanisia ouranogyne-type,Pentanisia ouranogyne type,update
Pentas-type,Pentas type,update
Pentodon-type pentandrus,Pentodon pentandrus type,update
Pentzia,Pentzia,update
Pentzia monodiana-type,Pentzia monodiana type,update
Pericopsis,Pericopsis,update
Periploca,Periploca,update
Peristrophe-type,Dicliptera type,update
Peristrophe-type paniculata,Dicliptera paniculata type,update
Persicaria,Persicaria,update
Petersianthus-type macrocarpus,Petersianthus macrocarpus type,update
Phaseolus,Phaseolus,update
Phaulopsis-type,Phaulopsis type,update
Phillyrea,Phillyrea,update
Phloga,Dypsis,update
Phoenix,Phoenix,update
Phoenix reclinata-type,Phoenix reclinata type,update
Phyla-type nodiflora,Phyla nodiflora type,update
Phyllanthus-type,Phyllanthus type,update
Phyllanthus-type amarus,Phyllanthus amarus type,update
Phyllanthus-type engleri,Phyllanthus engleri type,update
Phyllanthus-type fraternus,Phyllanthus fraternus type,update
Phyllanthus-type leucanthus,Phyllanthus leucanthus type,update
Phyllanthus-type maderaspatensis,Phyllanthus maderaspatensis type,update
Phyllanthus-type muellerianus,Phyllanthus muellerianus type,update
Phyllanthus-type nummulariifolius,Phyllanthus nummulariifolius type,update
Phyllanthus-type reticulatus,Phyllanthus reticulatus type,update
Phytolacca,Phytolacca,update
Phytolaccaceae undiff.,Phytolaccaceae,update
Picconia,Picconia,update
Picea,Picea,update
Picralima-type nitida,Picralima nitida type,update
Pilea-type,Pilea type,update
Pilea-type bambuseti,Pilea bambuseti type,update
Piliostigma,Piliostigma,update
Piliostigma reticulatum-type,Piliostigma reticulatum type,update
Piliostigma thonningii-type,Piliostigma thonningii type,update
Pimpinella anisum-type,Pimpinella anisum type,update
Pinus,Pinus,update
Piperaceae undiff.,Piperaceae,update
Piptadeniastrum-type africanum,Piptadeniastrum africanum type,update
Pistacia,Pistacia,update
Pittosporum,Pittosporum,update
Pittosporum abyssinicum-type,Pittosporum abyssinicum type,update
Pityrogramma,Pityrogramma,update
Plagiostyles-type africana,Plagiostyles africana type,update
Plantago,Plantago,update
Plantago afra-type,Plantago afra type,update
Plantago africana-type,Plantago africana type,update
Plantago coronopus-type,Plantago coronopus type,update
Plantago lanceolata-type,Plantago lanceolata type,update
Platanus,Platanus,update
Platycelyphium voense,Platycelyphium voense,update
Plectranthus-type,Plectranthus type,update
Pleiocarpa,Pleiocarpa,update
Pleurostylia,Pleurostylia,update
Plicosepalus,Plicosepalus,update
Plumbaginaceae undiff.,Plumbaginaceae,update
Plumbago zeylanica-type,Plumbago zeylanica type,update
Poaceae undiff.,Poaceae,update
Podocarpus,Podocarpus,update
Podocarpus falcatus-type,Afrocarpus falcatus type,update
Podocarpus latifolius-type,Podocarpus latifolius type,update
Podocarpus milanjianus-type,Podocarpus milanjianus type,update
Podococcus barteri,Podococcus barteri,update
Podostemaceae undiff.,Podostemaceae,update
Polemonium,Polemonium,update
Polycarpaea-type,Polycarpaea type,update
Polycarpon-type,Polycarpon type,update
Polycarpon-type prostratum,Polycarpon prostratum type,update
Polycephalium-type,Polycephalium type,update
Polycnemum,Polycnemum,update
Polygala-type,Polygala type,update
Polygalaceae undiff.,Polygalaceae,update
Polygonaceae undiff.,Polygonaceae,update
Polygonum,Polygonum,update
Polygonum acuminatum-type,Persicaria acuminata type,update
Polygonum aviculare-type,Polygonum aviculare type,update
Polygonum nepalense-type,Persicaria nepanesis type,update
Polygonum plebeium-type,Polygonum plebeium type,update
Polygonum pulchrum-type,Persicaria pulchra type,update
Polygonum senegalense-type,Persicaria senegalensis type,update
Polypodiaceae undiff.,Polypodiaceae,update
Polypodium-type polypodioides,Pleopeltis polypodioides type,update
Polyscias,Polyscias,update
Polyscias fulva-type,Polyscias fulva type,update
Pontederiaceae undiff.,Pontederiaceae,update
Portulaca-type,Portulaca type,update
Portulacaceae undiff.,Portulacaceae,update
Poterium-type,Sanguisorba type,update
Pouchetia,Pouchetia,update
Poupartia-type,Poupartia type,update
Pouteria-type,Pouteria type,update
Premna-type,Premna type,update
Primulaceae undiff.,Primulaceae,update
Priva,Priva,update
Prosopis-type africana,Prosopis africana type,update
Protea-type,Protea type,update
Proteaceae undiff.,Proteaceae,update
Protomegabaria-type,Protomegabaria type,update
Prunus,Prunus,update
Prunus africana-type,Prunus africana type,update
Pseuderanthemum,Pseuderanthemum,update
Pseudocedrela kotschyi,Pseudocedrela kotschyi,update
Pseudolachnostylis-type maprouneifolia,Pseudolachnostylis maprouneifolia type,update
Pseudoprosopis-type,Pseudoprosopis type,update
Pseudospondias-type,Pseudospondias type,update
Pseudospondias-type microcarpa,Pseudospondias microcarpa type,update
Psilocaulon-type,Mesembryanthemum type,update
Psilotrichum-type,Psilotrichum type,update
Psilotrichum-type elliottii,Psilotrichum elliotii type,update
Psoralea,Psoralea,update
Psorospermum,Psorospermum,update
Psorospermum febrifugum-type,Psorospermum febrifugum type,update
Psychotria,Psychotria,update
Psychotria amboniana-type,Psychotria amboniana type,update
Psydrax-type schimperiana,Psydrax schimperianus type,update
Psydrax-type subcordata,Psydrax subcordatus type,update
Ptaeroxylon obliquum,Ptaeroxylon obliquum,update
Pteridium-type,Pteridium type,update
Pteris-type,Pteris type,update
Pteris-type catoptera,Pteris catoptera type,update
Pteris-type marginata,Pteris tripartita type,update
Pteris-type vittata,Pteris vittata type,update
Pterocarpus-type,Pterocarpus type,update
Pterocarpus-type angolensis,Pterocarpus angolensis type,update
Pterocarpus-type lucens,Pterocarpus lucens type,update
Pterocephalus-type fructescens,Pterocephalus frutescens type,update
Pterodiscus,Pterodiscus,update
Pterogaillonia calycoptera,Plocama calycoptera,update
Pterolobium stellatum,Pterolobium stellatum,update
Ptychopetalum,Ptychopetalum,update
Pupalia-type,Pupalia type,update
Pupalia-type lappacea,Pupalia lappacea type,update
Pycnanthus,Pycnanthus,update
Pycnanthus angolensis-type,Pycnanthus angolensis type,update
Quercus,Quercus,update
Quercus ilex-type,Quercus ilex type,update
Quercus pubescens-type,Quercus pubescens type,update
Quercus suber-type,Quercus suber type,update
Ranalisma-type humile,Ranalisma humile type,update
Ranunculaceae undiff.,Ranunculaceae,update
Ranunculus oreophytus-type,Ranunculus oreophytus type,update
Ranunculus stagnalis-type,Ranunculus stagnalis type,update
Ranunculus-type,Ranunculus type,update
Rapanea,Myrsine,update
Rapanea melanophloeos-type,Myrsine melanophloeos type,update
Raphia,Raphia,update
Raphia vinifera-type,Raphia vinifera type,update
Raphiostylis,Raphiostylis,update
Rauvolfia,Rauvolfia,update
Rauvolfia caffra-type,Rauvolfia caffra type,update
Rauvolfia vomitoria-type,Rauvolfia vomitoria type,update
Ravenea-type,Ravenea type,update
Resedaceae undiff.,Resedaceae,update
Restio,Restio,update
Rhamnaceae undiff.,Rhamnaceae,update
Rhamnus-type,Rhamnus type,update
Rhamphicarpa,Rhamphicarpa,update
Rhopalopilia,Rhopalopilia,update
Rhus-type,Rhus type,update
Rhus-type longipes,Searsia longipes type,update
Rhus-type natalensis,Searsia natalensis type,update
Rhynchosia-type,Rhynchosia type,update
Rhynchosia-type malacophylla,Rhynchosia malacophylla type,update
Ricinus communis,Ricinus communis,update
Rinorea,Rinorea,update
Ritchiea-type,Ritchiea type,update
Rosa,Rosa,update
Rosa abyssinica-type,Rosa abyssinica type,update
Rosaceae undiff.,Rosaceae,update
Rotala,Rotala,update
Rothmannia,Rothmannia,update
Rubia-type,Rubia type,update
Rubia-type cordifolia,Rubia cordifolia type,update
Rubiaceae undiff.,Rubiaceae,update
Rubiaceae-type,Rubiaceae,update
Rubus,Rubus,update
Rubus pinnatus-type,Rubus pinnatus type,update
Ruellia,Ruellia,update
Rumex,Rumex,update
Rumex vesicarius-type,Rumex vesicarius type,update
Ruschia,Ruschia,update
Rutaceae undiff.,Rutaceae,update
Ruttya-type,Ruttya type,update
Rytigynia-type,Rytigynia type,update
Saba-type comorensis,Saba comorensis type,update
Sabicea,Sabicea,update
Sacoglottis gabonensis,Sacoglottis gabonensis,update
Sacosperma-type,Sacosperma type,update
Salacia,Salacia,update
Salacia senegalensis-type,Salacia senegalensis type,update
Salicornia,Salicornia,update
Salix,Salix,update
Salix chevalieri-type,Salix chevalieri type,update
Salix ledermannii-type,Salix ledermannii type,update
Salix subserrata-type,Salix mucronata type,update
Salvadora,Salvadora,update
Salvadora persica-type,Salvadora persica type,update
Salvadoraceae undiff.,Salvadoraceae,update
Salvia-type,Salvia type,update
Sanguisorba,Sanguisorba,update
Sanguisorba minor-type,Sanguisorba minor type,update
Santalaceae undiff.,Santalaceae,update
Santiria-type trimera,Santiria trimera type,update
Sapindaceae undiff.,Sapindaceae,update
Sapotaceae undiff.,Sapotaceae,update
Sarcocephalus-type latifolius,Nauclea latifolia type,update
Sauvagesia erecta,Sauvagesia erecta,update
Scabiosa-type,Scabiosa type,update
Scadoxus-type,Scadoxus type,update
Schefflera,Schefflera,update
Schefflera abyssinica-type,Astropanax abyssinicus type,update
Schefflera barteri-type,Astropanax barteri type,update
Schefflera myriantha-type,Astropanax myrianthus type,update
Schefflera volkensii-type,Astropanax volkensii type,update
Schizaea,Schizaea,update
Schotia,Schotia,update
Schrebera,Schrebera,update
Schrebera arborea-type,Schrebera arborea type,update
Sclerocarya-type,Sclerocarya type,update
Sclerocarya-type birrea,Sclerocarya birrea type,update
Sclerocarya-type birrea ssp. caffra,Sclerocarya birrea ssp. caffra type,update
Sclerocephalus arabicus,Gymnocarpos sclerocephalus,update
Sclerosperma,Sclerosperma,update
Scoparia-type dulcis,Scoparia dulcis type,update
Scorodophloeus-type zenkeri,Scorodophloeus zenkeri type,update
Scrophulariaceae undiff.,Scrophulariaceae,update
Sebaea,Sebaea,update
Sebaea brachyphylla-type,Sebaea brachyphylla type,update
Secamone-type,Secamone type,update
Secamone-type afzelii,Secamone afzelii type,update
Selago-type,Selago type,update
Senecio-type,Senecio type,update
Senecioneae undiff.,Asteroideae,update
Sericocomopsis-type,Sericocomopsis type,update
Sericostachys-type scandens,Sericostachys scandens type,update
Sesamum,Sesamum,update
Sesbania,Sesbania,update
Sesbania pachycarpa-type,Sesbania pachycarpa type,update
Sesbania sesban,Sesbania sesban,update
Sesuvium,Sesuvium,update
Sherbournia,Sherbournia,update
Sherbournia bignoniiflora-type,Sherbournia bignoniiflora type,update
Shirakia-type elliptica,Shirakiopsis elliptica type,update
Sida,Sida,update
Sideroxylon-type,Sideroxylon type,update
Sideroxylon-type oxyacantha,Spiniluma oxyacantha type,update
Silene-type,Silene type,update
Silene-type burchellii,Silene burchellii type,update
Silene-type lynesii,Silene lynesii type,update
Simaroubaceae undiff.,Simaroubaceae,update
Simirestis,Pristimera,update
Sindora klaineana,Sindora klaineana,update
Smithia,Smithia,update
Smithia elliotii-type,Smithia elliotii type,update
Solanaceae undiff.,Solanaceae,update
Solanecio-type mannii,Solanecio mannii type,update
Solanum-type,Solanum type,update
Solenostemon-type,Solenostemon type,update
Sonneratia alba,Sonneratia alba,update
Sopubia-type,Sopubia type,update
Sopubia-type parviflora,Sopubia parviflora type,update
Sorindeia-type,Sorindeia type,update
Sorindeia-type juglandifolia,Sorindeia juglandifolia type,update
Sorindeia-type madagascariensis,Sorindeia madagascariensis type,update
Sparrmannia-type,Sparrmannia type,update
Spathodea-type campanulata,Spathodea campanulata type,update
Spermacoce-type,Spermacoce type,update
Spermacoce-type chaetocephala,Spermacoce chaetocephala type,update
Spermacoce-type radiata,Spermacoce radiata type,update
Sphaerotylax abyssinica-type,Sphaerotylax abyssinica type,update
Sphenoclea,Sphenoclea,update
Spirostachys-type,Spirostachys type,update
Spondianthus-type preussii,Spondianthus preussii type,update
Spondias,Spondias,update
Spondias monbin-type,Spondias mombin type,update
Stachyanthus,Stachyanthus,update
Stachyothyrsus,Stachyothyrsus,update
Stachytarpheta,Stachytarpheta,update
Staurogyne,Staurogyne,update
Steganotaenia-type,Steganotaenia type,update
Stellaria mannii-type,Stellaria mannii type,update
Stephania-type,Stephania type,update
Stephania-type abyssinica,Stephania abyssinica type,update
Sterculia-type,Sterculia type,update
Sterculia-type setigera,Sterculia setigera type,update
Sterculiaceae undiff.,Malvaceae,update
Stereospermum-type,Stereospermum type,update
Stipularia-type,Stipularia type,update
Stipularia-type africana,Stipularia africana type,update
Stoebe kilimandscharica-type,Seriphium kilimandscharicum type,update
Stoebe-type,Stoebe type,update
Striga-type,Striga type,update
Strombosia,Strombosia,update
Strombosia scheffleri-type,Strombosia scheffleri type,update
Strophanthus-type,Strophanthus type,update
Strychnos,Strychnos,update
Stylosanthes,Stylosanthes,update
Stylosanthes erecta-type,Stylosanthes erecta type,update
Stylosanthes fruticosa-type,Stylosanthes fruticosa type,update
Suaeda,Suaeda,update
Suaeda monoica-type,Suaeda monoica type,update
Subularia monticola,Subularia monticola,update
Swertia abyssinica-type,Swertia abyssinica type,update
Swertia usambarensis-type,Swertia usambarensis type,update
Swertia-type,Swertia type,update
Swertia-type kilimandscharica,Swertia kilimandscharica type,update
Symphonia globulifera,Symphonia globulifera,update
Symphytum-type,Symphytum type,update
Synadenium grantii-type,Euphorbia umbellata type,update
Synsepalum-type,Synsepalum type,update
Syzygium-type,Syzygium type,update
Syzygium-type guineense,Syzygium guineense type,update
Tabernaemontana,Tabernaemontana,update
Tacazzea-type,Tacazzea type,update
Tacazzea-type apiculata,Tacazzea apiculata type,update
Tacca leontopetaloides,Tacca leontopetaloides,update
Talinum-type,Talinum type,update
Tamarindus-type indica,Tamarindus indica type,update
Tamarindus/Cryptosepalum,Tamarindus/Cryptosepalum,update
Tamarix,Tamarix,update
Tamarix senegalensis-type,Tamarix senegalensis type,update
Tapinanthus-type,Tapinanthus type,update
Tapura fischeri-type,Tapura fischeri type,update
Tarchonanthus-type,Tarchonanthus type,update
Tarchonanthus-type camphoratus,Tarchonanthus camphoratus type,update
Tarchonanthus/Brachylaena,Tarchonanthus/Brachylaena,update
Tarenna-type,Tarenna type,update
Tarenna-type graveolens,Coptosperma graveolens type,update
Taxodiaceae undiff.,Taxodiaceae,update
Taxus,Taxus,update
Teclea-type,Teclea type,update
Telephium oligospermum,Telephium oligospermum,update
Tephrosia,Tephrosia,update
Tephrosia uniflora-type,Tephrosia uniflora type,update
Terminalia-type,Terminalia type,update
Tessmannia,Tessmannia,update
Tetracarpidium conophorum,Plukenetia conophora,update
Tetracera,Tetracera,update
Tetracera alnifolia-type,Tetracera alnifolia type,update
Tetrapleura,Tetrapleura,update
Tetrapleura tetraptera-type,Tetrapleura tetraptera type,update
Tetrorchidium,Tetrorchidium,update
Teucrium,Teucrium,update
Thalictrum,Thalictrum,update
Theaceae undiff.,Theaceae,update
Thecacoris-type,Thecacoris type,update
Thunbergia,Thunbergia,update
Thymelaea,Thymelaea,update
Thymelaeaceae undiff.,Thymelaeaceae,update
Tilia,Tilia,update
Tiliaceae undiff.,Malvaceae,update
Tiliacora-type,Tiliacora type,update
Tiliacora-type funifera,Tiliacora funifera type,update
Tinnea,Tinnea,update
Tinospora,Tinospora,update
Tinospora bakis-type,Tinospora bakis type,update
Toddalia asiatica,Zanthoxylum asiaticum,update
Todea,Todea,update
Torilis arvensis,Torilis arvensis,update
Tragia-type,Tragia type,update
Tragia-type hildebrandtii,Tragia hildebrandtii type,update
Treculia,Treculia,update
Treculia africana-type,Treculia africana type,update
Trema-type orientalis,Trema orientale type,update
Trianthema-type,Trianthema type,update
Triaspis-type,Triaspis type,update
Tribulus,Tribulus,update
Tribulus terrestris-type,Tribulus terrestris type,update
Tricalysia,Tricalysia,update
Trichilia-type,Trichilia type,update
Trichilia-type emetica,Trichilia emetica type,update
Trichocladus,Trichocladus,update
Trichocladus ellipticus-type,Trichocladus ellipticus type,update
Trichodesma,Trichodesma,update
Trichodesma africanum-type,Trichodesma africanum type,update
Trichodesma zeylanicum-type,Trichodesma zeylanicum type,update
Trichoscypha-type,Trichoscypha type,update
Trichoscypha-type arborea,Trichoscypha arborea type,update
Trichoscypha-type oba,Trichoscypha lucens type,update
Trifolium-type,Trifolium type,update
Trifolium-type acaule,Trifolium acaule type,update
Trilepisium-type madagascariensis,Trilepisium madagascariense type,update
Triplochiton scleroxylon-type,Triplochiton scleroxylon type,update
Triumfetta-type,Triumfetta type,update
Tulbaghia,Tulbaghia,update
Uapaca,Uapaca,update
Uapaca bojeri-type,Uapaca bojeri type,update
Uapaca guineensis-type,Uapaca guineensis type,update
Uapaca heudelotii-type,Uapaca heudelotii type,update
Uapaca kirkiana-type,Uapaca kirkiana type,update
Uapaca nitida-type,Uapaca nitida type,update
Uapaca paludosa-type,Uapaca mole type,update
Uapaca staudtii-type,Uapaca staudtii type,update
Uapaca togoensis-type,Uapaca togoensis type,update
Uebelinia-type,Uebelinia type,update
Uebelinia-type abyssinica,Uebelinia abyssinica type,update
Ulmaceae undiff.,Ulmaceae,update
Ulmus,Ulmus,update
Umbilicus,Umbilicus,update
Uncaria-type,Uncaria type,update
Uncaria-type africana,Uncaria africana type,update
Urtica-type,Urtica type,update
Urticaceae undiff.,Urticaceae,update
Vahlia,Vahlia,update
Vahlia somalensis-type,Vahlia somalensis type,update
Valeriana,Valeriana,update
Valerianaceae undiff.,Valerianaceae,update
Vangueria-type,Vangueria type,update
Vangueria-type madagascariensis,Vangueria madagascariensis type,update
Vatovaea-type pseudolablab,Vatovaea pseudolablab type,update
Vepris-type,Vepris type,update
Vepris-type dainellii,Vepris dainellii type,update
Vepris-type nobilis,Vepris nobilis type,update
Verbenaceae undiff.,Verbenaceae,update
Vernonia perrottetii-type,Vernonia perrottetii type,update
Vernonia-type,Vernonia type,update
Vernonia-type galamensis,Vernonia galamensis type,update
Vernonia-type schimperi,Vernonia schimperi type,update
Vernonieae undiff.,Cichoroideae,update
Veronica,Veronica,update
Vigna-type,Vigna type,update
Vigna-type luteola,Vigna luteola type,update
Virectaria,Virectaria,update
Viscaceae undiff.,Santalaceae,update
Viscum,Viscum,update
Vismia,Vismia,update
Vitaceae undiff.,Vitaceae,update
Vitellaria-type paradoxa,Vitellaria paradoxa type,update
Vitex-type,Vitex type,update
Vitex-type doniana,Vitex doniana type,update
Voacanga-type,Voacanga type,update
Volkensinia prostrata,Volkensinia prostrata,update
Wahlenbergia-type,Wahlenbergia type,update
Waltheria,Waltheria,update
Warionia-type,Warionia type,update
Welwitschia mirabilis,Welwitschia mirabilis,update
Widdringtonia-type,Widdringtonia type,update
Wolffia,Wolffia,update
Xanthium-type,Xanthium type,update
Xerophyta,Xerophyta,update
Ximenia,Ximenia,update
Ximenia americana-type,Ximenia americana type,update
Xylia-type,Xylia type,update
Xymalos,Xymalos,update
Xyris,Xyris,update
Zaleya-type pentandra,Zaleya pentandra type,update
Zanha golungensis-type,Zanha golungensis type,update
Zanthoxylum-type,Zanthoxylum type,update
Zanthoxylum-type chalybeum,Zanthoxylum chalybeum type,update
Zanthoxylum-type gilletii,Zanthoxylum gilletii type,update
Zanthoxylum-type usambarense,Zanthoxylum usambarense type,update
Zanthoxylum-type zanthoxyloides,Zanthoxylum zanthoxyloides type,update
Ziziphus-type,Ziziphus type,update
Zornia,Zornia,update
Zygophyllaceae undiff.,Zygophyllaceae,update
Zygophyllum,Zygophyllum,update
Zygophyllum fabago-type,Zygophyllum fabago type,update
Zygophyllum simplex-type,Zygophyllum simplex type,update
Aizoaceae/Caryophyllaceae undiff.,,delete
Alisma plantago-aquatica,,delete
Alismataceae undiff.,,delete
Anthoceros,,delete
Anthocerotaceae undiff.,,delete
Aponogeton,,delete
Asterella,,delete
Avicennia,,delete
Azolla africana,,delete
Balanophora abbreviata,,delete
Callitriche,,delete
Cannabis sativa,,delete
Cannabis/Humulus,,delete
Cassipourea,,delete
Centrostachys-type aquatica,,delete
Ceratopteris,,delete
Ceratopteris cornuta,,delete
Crinum natans-type,,delete
Drosera,,delete
Droseraceae undiff.,,delete
Fossombronia,,delete
Hydrocharitaceae undiff.,,delete
Hydrocotyle,,delete
Hydrocotyle ranunculoides-type,,delete
Hygrophila,,delete
Indeterminable,,delete
Isoetes,,delete
Langsdorffia,,delete
Lemna,,delete
Lemnaceae undiff.,,delete
Lycopodiaceae undiff.,,delete
Lycopodiella cernua-type,,delete
Monocotyledoneae undiff.,,delete
Myriophyllum,,delete
Nuphar lutea,,delete
Nymphaea,,delete
Nymphaea lotus-type,,delete
Nymphaea nouchali-type,,delete
Nymphoides,,delete
Nymphoides indica-type,,delete
Other,,delete
Phragmites,,delete
Potamogeton,,delete
Potamogeton pectinatus-type,,delete
Potamogeton thunbergii-type,,delete
Pteridophyta undiff.,,delete
Rhizophora,,delete
Rhizophora harrisonii-type,,delete
Rhizophora mangle-type,,delete
Rhizophora racemosa-type,,delete
Riccia,,delete
Ruppia maritima,,delete
Sagittaria-type guayanensis,,delete
Salvinia,,delete
Selaginella,,delete
Sparganium/Potamogeton,,delete
Sphagnum,,delete
Spores trilete,,delete
Spores undiff.,,delete
Triglochin,,delete
Triletes undiff.,,delete
Typha,,delete
Typha domingensis-type,,delete
Typha latifolia-type,,delete
Typha/Sparganium,,delete
Undetermined,,delete
Unknown/ u.,,delete
Urticaceae/Moraceae undiff.,,delete
Utricularia,,delete
Vitis-type vinifera,,delete
Zea mays,,delete
Allophylus/Protea,,
Allophylus/protea/faurea,,
Caryophyllaceae/Chenopodiaceae undiff.,,
Caryophyllaceae/Chenopodiaceae/Amaranthaceae undiff.,,
Celtis/Holoptelea grandis,,
Celtis/Hymenocardia,,
Clausena anisata/Bersama,,
Combretaceae/Melastomataceae undiff.,,
Crassula/Ficalhoa,,
Distemonanthus benthamianus,,
Faurea/Allophylus,,
Hymenocardia/Chaetacme aristata,,
Loganiaceae/Salvadoraceae undiff.,,
Mammea/Pentadesma,,
Meliaceae/Sapotaceae undiff.,,
Nuxia/Dobera,,
Nuxia/Ficalhoa,,
Oleaceae/Brassicaceae undiff.,,
Polygalaceae/Utricularia,,
Proteaceae/Sapindaceae undiff.,,
Ranunculaceae/Papaveraceae undiff.,,
Rubiaceae/Loganiaceae undiff.,,
Solanum/Ricinus communis,,
Zygophyllum/Pegamum,,
