taxon_name,clean_name,action
Abelia,Abelia,update
Abies,Abies,update
Abies fargesii,Abies fargesii,update
Acacia,Acacia,update
Acacia confusa,Acacia confusa,update
Acalypha,Acalypha,update
Acanthaceae,Acanthaceae,update
Acanthus,Acanthus,update
Acanthus ilicifolius,Acanthus ilicifolius,update
Acer,Acer,update
Aceraceae,Sapindaceae,update
Aconitum,Aconitum,update
Acronychia,Acronychia,update
Actinidia,Actinidia,update
Adenanthera,Adenanthera,update
Adina,Adina,update
Adinandra,Adinandra,update
Aegiceras,Aegiceras,update
Aeschynanthus,Aeschynanthus,update
Aesculus,Aesculus,update
Aesculus wilsonii,Aesculus chinensis var wilsonii,update
Aganosma,Aganosma,update
Aglaia,Aglaia,update
Ailanthus,Ailanthus,update
Aizoaceae,Aizoaceae,update
Ajania,Ajania,update
Akebia,Akebia,update
Alangiaceae,Cornaceae,update
Alangium,Alangium,update
Albizia,Albizia,update
Alchornea,Alchornea,update
Alhagi,Alhagi,update
Allium,Allium,update
Allomorphia,Oxyspora,update
Allophylus,Allophylus,update
Alnus,Alnus,update
Alocasia,Alocasia,update
Alopecurus,Alopecurus,update
Alternanthera,Alternanthera,update
Altingia,Liquidambar,update
Altingiaceae,Altingiaceae,update
Alyxia,Alyxia,update
Amaranthaceae,Amaranthaceae,update
Amaranthaceae+Chenopodiaceae,Amaranthaceae,update
Amaranthus,Amaranthus,update
Amaryllidaceae,Amaryllidaceae,update
Ambrosia,Ambrosia,update
Amygdalus,Amygdalus,update
Anabasis,Anabasis,update
Anacardiaceae,Anacardiaceae,update
Anagallis,Anagallis,update
Androsace,Androsace,update
Anemone,Anemone,update
Annonaceae,Annonaceae,update
Anodendron,Anodendron,update
Anthemis,Anthemis,update
Antidesma,Antidesma,update
Antiotrema,Antiotrema,update
Aphanamixis,Aphanamixis,update
Apiaceae,Apiaceae,update
Apocynaceae,Apocynaceae,update
Apocynum,Apocynum,update
Apodytes,Apodytes,update
Aporosa,Aporosa,update
Aquifoliaceae,Aquifoliaceae,update
Aquilegia,Aquilegia,update
Arabis,Arabis,update
Araceae,Araceae,update
Aralia,Aralia,update
Araliaceae,Araliaceae,update
Arceuthobium,Arceuthobium,update
Arctium,Arctium,update
Ardisia,Ardisia,update
Areca,Areca,update
Arecaceae,Arecaceae,update
Arenaria,Arenaria,update
Argemone,Argemone,update
Argostemma,Argostemma,update
Arisaema,Arisaema,update
Aristolochia,Aristolochia,update
Artemisia,Artemisia,update
Artocarpus,Artocarpus,update
Asclepiadaceae,Asclepiadaceae,update
Asparagus,Asparagus,update
Asperula,Asperula,update
Aster,Aster,update
Asteraceae,Asteraceae,update
Astragalus,Astragalus,update
Atractylodes,Atractylodes,update
Atraphaxis,Atraphaxis,update
Atriplex,Atriplex,update
Averrhoa,Averrhoa,update
Balbisia,Balbisia,update
Baphicacanthus,Strobilanthes,update
Bauhinia,Bauhinia,update
Berberidaceae,Berberidaceae,update
Berberis,Berberis,update
Betula,Betula,update
Betula albo sinensis,Betula utilis subsp albosinensis,update
Betula costata,Betula costata,update
Betula dahurica,Betula dahurica,update
Betula middendorfii,Betula middendorfii,update
Betula platyphylla,Betula platyphylla,update
Bignoniaceae,Bignoniaceae,update
Bischofia,Bischofia,update
Boenninghausenia,Boenninghausenia,update
Bombacaceae,Malvaceae,update
Boraginaceae,Boraginaceae,update
Bowringia,Bowringia,update
Brassica,Brassica,update
Brassica campestris,Brassica rapa,update
Brassicaceae,Brassicaceae,update
Bredia,Bredia,update
Breynia,Breynia,update
Bridelia,Bridelia,update
Broussonetia,Broussonetia,update
Buddleja,Buddleia,update
Bupleurum,Bupleurum,update
Buxaceae,Buxaceae,update
Buxus,Buxus,update
Cactaceae,Cactaceae,update
Caesalpinia,Caesalpinia,update
Cajanus,Cajanus,update
Calligonum,Calligonum,update
Camellia,Camellia,update
Campanula,Campanula,update
Campanulaceae,Campanulaceae,update
Campylotropis,Campylotropis,update
Canarium,Canarium,update
Cannabaceae,Cannabaceae,update
Canthium,Canthium,update
Capparaceae,Capparaceae,update
Capparis,Capparis,update
Caprifoliaceae,Caprifoliaceae,update
Caragana,Caragana,update
Carallia,Carallia,update
Cardamine,Cardamine,update
Carduoideae,Carduoideae,update
Carex,Carex,update
Carpinus,Carpinus,update
Carpinus+Ostrya,Carpinus/Ostrya,update
Carya,Carya,update
Caryophyllaceae,Caryophyllaceae,update
Casearia,Casearia,update
Cassia,Cassia,update
Castanea,Castanea,update
Castanopsis,Castanopsis,update
Casuarina,Casuarina,update
Casuarinaceae,Casuarinaceae,update
Catalpa,Catalpa,update
Cathaya,Cathaya,update
Cedrus,Cedrus,update
Celastraceae,Celastraceae,update
Celastrus,Celastrus,update
Celtis,Celtis,update
Centaurea,Centaurea,update
Cephalomappa,Cephalomappa,update
Cephalotaxaceae,Cephalotaxaceae,update
Cerastium,Cerastium,update
Ceratostigma,Ceratostigma,update
Ceriops,Ceriops,update
Chamerion,Epilobium,update
Chamerion angustifolium,Epilobium angustifolium,update
Chelidonium,Chelidonium,update
Chenopodiaceae,Amaranthaceae,update
Chenopodiaceae+Chenopodium,Amaranthaceae,update
Chenopodium,Chenopodium,update
Chimonobambusa,Chimonobambusa,update
Chionanthus,Chionanthus,update
Chloranthaceae,Chloranthaceae,update
Chloranthus,Chloranthus,update
Chrysanthemum,Chrysanthemum,update
Chrysosplenium,Chrysosplenium,update
Chukrasia,Chukrasia,update
Cichorium,Cichorium,update
Cinnamomum,Cinnamomum,update
Circaea,Circaea,update
Cirsium,Cirsium,update
Claoxylon,Claoxylon,update
Clausena,Clausena,update
Clematis,Clematis,update
Cleomaceae,Cleomaceae,update
Clerodendrum,Clerodendrum,update
Clethra,Clethra,update
Cleyera,Cleyera,update
Clusiaceae,Clusiaceae,update
Cocculus,Cocculus,update
Cocos,Cocos,update
Combretaceae,Combretaceae,update
Commelina,Commelina,update
Commelinaceae,Commelinaceae,update
Convolvulaceae,Convolvulaceae,update
Convolvulus,Convolvulus,update
Corethrodendron,Corethrodendron,update
Coriaria,Coriaria,update
Cornaceae,Cornaceae,update
Cornus,Cornus,update
Corydalis,Corydalis,update
Corylopsis,Corylopsis,update
Corylus,Corylus,update
Cotinus,Cotinus,update
Cotoneaster,Cotoneaster,update
Crassulaceae,Crassulaceae,update
Crataegus,Crataegus,update
Cratoxylum,Cratoxylum,update
Croton,Croton,update
Crypteronia,Crypteronia,update
Cryptomeria,Cryptomeria,update
Cryptotaenia,Cryptotaenia,update
Cucurbitaceae,Cucurbitaceae,update
Cunninghamia,Cunninghamia,update
Cupressaceae,Cupressaceae,update
Cupressus,Cupressus,update
Cupressus+Juniperus,Cupressus/Juniperus,update
Cuscuta,Cuscuta,update
Cycas,Cycas,update
Cyclobalanopsis,Quercus,update
Cyclobalanopsis+Quercus,Quercus,update
Cyclocarya,Cyclocarya,update
Cyperaceae,Cyperaceae,update
Cyperaceae+Cyperus,Cyperaceae,update
Cyperus,Cyperus,update
Dacrydium,Dacrydium,update
Dalbergia,Dalbergia,update
Damnacanthus,Damnacanthus,update
Daphne,Daphne,update
Daphniphyllum,Daphniphyllum,update
Davidia,Davidia,update
Debregeasia,Debregeasia,update
Decaspermum,Decaspermum,update
Dendropanax,Dendropanax,update
Desmodium,Desmodium,update
Dianthus,Dianthus,update
Dimocarpus confinis,Dimocarpus fumatus subsp indochinensis,update
Dinetus,Dinetus,update
Diospyros,Diospyros,update
Diplospora,Diplospora,update
Dipsacaceae,Dipsacaceae,update
Dipsacus,Dipsacus,update
Dipterocarpaceae,Dipterocarpaceae,update
Distylium,Distylium,update
Dodonaea,Dodonaea,update
Dysosma,Podophyllum,update
Ebenaceae,Ebenaceae,update
Echinops,Echinops,update
Echium,Echium,update
Elaeagnaceae,Elaeagnaceae,update
Elaeagnus,Elaeagnus,update
Elaeocarpaceae,Elaeocarpaceae,update
Elaeocarpus,Elaeocarpus,update
Elsholtzia,Elsholtzia,update
Elytranthe,Elytranthe,update
Embelia,Embelia,update
Empetrum,Empetrum,update
Endospermum,Endospermum,update
Engelhardia,Engelhardia,update
Eomecon,Eomecon,update
Ephedra,Ephedra,update
Ephedra distachya,Ephedra distachya,update
Ephedra equisetina,Ephedra equisetina,update
Ephedra fragilis,Ephedra fragilis,update
Ephedraceae,Ephedraceae,update
Epilobium,Epilobium,update
Epiprinus,Epiprinus,update
Eranthemum,Eranthemum,update
Ericaceae,Ericaceae,update
Eriocaulon,Eriocaulon,update
Erycibe,Erycibe,update
Eucalyptus,Eucalyptus,update
Eucommiaceae,Eucommiaceae,update
Euonymus,Euonymus,update
Euphorbia,Euphorbia,update
Euphorbiaceae,Euphorbiaceae,update
Euptelea,Euptelea,update
Eurya,Eurya,update
Exbucklandia,Exbucklandia,update
Excoecaria,Excoecaria,update
Excoecaria agallocha,Excoecaria agallocha,update
Fabaceae,Fabaceae,update
Fagaceae,Fagaceae,update
Fagus,Fagus,update
Fatoua,Fatoua,update
Ficus,Ficus,update
Filifolium,Filifolium,update
Filipendula,Filipendula,update
Flacourtia,Flacourtia,update
Flacourtiaceae,Salicaceae,update
Flueggea,Flueggea,update
Fontanesia,Fontanesia,update
Fragaria,Fragaria,update
Fraxinus,Fraxinus,update
Fraxinus mandshurica,Fraxinus mandshurica,update
Galium,Galium,update
Garcinia,Garcinia,update
Gardenia,Gardenia,update
Gentiana,Gentiana,update
Gentiana pneumonanthe,Gentiana pneumonanthe,update
Gentianaceae,Gentianaceae,update
Gentianella campestris,Gentianella campestris,update
Geraniaceae,Geraniaceae,update
Geranium,Geranium,update
Gesneriaceae,Gesneriaceae,update
Ginkgo,Ginkgo,update
Gironniera,Gironniera,update
Gleditsia,Gleditsia,update
Glochidion,Glochidion,update
Glycyrrhiza,Glycyrrhiza,update
Gnetum,Gnetum,update
Gonatanthus,Gonatanthus,update
Gordonia,Gordonia,update
Grewia,Grewia,update
Gynostemma,Gynostemma,update
Hainania,Pityranthe,update
Haloragidaceae,Haloragaceae,update
Haloragis micrantha,Gonocarpus micranthus,update
Hamamelidaceae,Hamamelidaceae,update
Hamamelis,Hamamelis,update
Hedera,Hedera,update
Hedyotis,Hedyotis,update
Hedysarum,Hedysarum,update
Helicia,Helicia,update
Helicteres,Helicteres,update
Helwingia,Helwingia,update
Hemerocallis,Hemerocallis,update
Hemiphragma,Hemiphragma,update
Hemsleya,Hemsleya,update
Heritiera,Heritiera,update
Heteropanax,Heteropanax,update
Hippocastanaceae,Sapindaceae,update
Hippophae,Hippophae,update
Homalium,Homalium,update
Homonoia,Homonoia,update
Hopea,Hopea,update
Hydrangea,Hydrangea,update
Hypecoum,Hypecoum,update
Hypericum,Hypericum,update
Icacinaceae,Icacinaceae,update
Ichnocarpus,Ichnocarpus,update
Idesia,Idesia,update
Ilex,Ilex,update
Illicium,Illicium,update
Impatiens,Impatiens,update
Imperata,Imperata,update
Incarvillea,Incarvillea,update
Iodes,Iodes,update
Ipomoea,Ipomoea,update
Iridaceae,Iridaceae,update
Iridaceae+Iris,Iridaceae,update
Iris,Iris,update
Isoglossa,Isoglossa,update
Itea,Itea,update
Ixeris,Ixeris,update
Jasminum,Jasminum,update
Juglandaceae,Juglandaceae,update
Juglans,Juglans,update
Juncaceae,Juncaceae,update
Juniperus,Juniperus,update
Keteleeria,Keteleeria,update
Kleinhovia,Kleinhovia,update
Kochia,Kochia,update
Koelreuteria,Koelreuteria,update
Koenigia,Koenigia,update
Krascheninnikovia,Krascheninnikovia,update
Lagerstroemia,Lagerstroemia,update
Lamiaceae,Lamiaceae,update
Lamium,Lamium,update
Lannea,Lannea,update
Lardizabalaceae,Lardizabalaceae,update
Larix,Larix,update
Lathyrus,Lathyrus,update
Lauraceae,Lauraceae,update
Ledum palustre,Ledum palustre,update
Ledum+Oxycoccus+Rhododendron+Vaccinium,Ericaceae,update
Leiphaimos,Leiphaimos,update
Lens,Vicia,update
Lentibulariaceae,Lentibulariaceae,update
Lespedeza,Lespedeza,update
Licuala,Licuala,update
Ligularia,Ligularia,update
Ligustrum,Ligustrum,update
Liliaceae,Liliaceae,update
Liliaceae+Lilium,Liliaceae,update
Lilium,Lilium,update
Limonium,Limonium,update
Linaceae,Linaceae,update
Linum,Linum,update
Liquidambar,Liquidambar,update
Liquidambar formosana,Liquidambar formosana,update
Liriodendron,Liriodendron,update
Lithocarpus,Lithocarpus,update
Lithospermum,Lithospermum,update
Litsea,Litsea,update
Lobelia,Lobelia,update
Lonicera,Lonicera,update
Loranthaceae,Loranthaceae,update
Loranthus,Loranthus,update
Loropetalum,Loropetalum,update
Lumnitzera,Lumnitzera,update
Lycium,Lycium,update
Lysimachia,Lysimachia,update
Lythraceae,Lythraceae,update
Lythrum,Lythrum,update
Macaranga,Macaranga,update
Macleaya,Macleaya,update
Maclura,Maclura,update
Maesa,Maesa,update
Magnolia,Magnolia,update
Magnoliaceae,Magnoliaceae,update
Malania,Malania,update
Mallotus,Mallotus,update
Malvaceae,Malvaceae,update
Manglietia,Magnolia,update
Mappianthus,Mappianthus,update
Mazus,Mazus,update
Medicago,Medicago,update
Melastoma,Melastoma,update
Melastomataceae,Melastomataceae,update
Melia,Melia,update
Meliaceae,Meliaceae,update
Melilotus,Melilotus,update
Meliosma,Meliosma,update
Menispermaceae,Menispermaceae,update
Mentha,Mentha,update
Mercurialis,Mercurialis,update
Merremia,Merremia,update
Michelia,Michelia,update
Microcos,Microcos,update
Microdesmis,Microdesmis,update
Microtropis,Microtropis,update
Mimosa,Mimosa,update
Monotropa,Monotropa,update
Moraceae,Moraceae,update
Morina,Morina,update
Morinda,Morinda,update
Morus,Morus,update
Mussaenda,Mussaenda,update
Myrica,Myrica,update
Myrica rubra,Myrica rubra,update
Myricaceae,Myricaceae,update
Myricaria,Myricaria,update
Myristicaceae,Myristicaceae,update
Myrsinaceae,Primulaceae,update
Myrsine,Myrsine,update
Myrtaceae,Myrtaceae,update
Nandina,Nandina,update
Nanophyton,Nanophyton,update
Neonauclea,Neonauclea,update
Nephelium,Nephelium,update
Nerium,Nerium,update
Nitraria,Nitraria,update
Nonea,Nonea,update
Nyctaginaceae,Nyctaginaceae,update
Nyssa,Nyssa,update
Ochnaceae,Ochnaceae,update
Olacaceae,Olacaceae,update
Olax,Olax,update
Olea,Olea,update
Oleaceae,Oleaceae,update
Onagraceae,Onagraceae,update
Onobrychis,Onobrychis,update
Ophiorrhiza,Ophiorrhiza,update
Origanum,Origanum,update
Ormosia,Ormosia,update
Orobanchaceae,Orobanchaceae,update
Orobanche,Orobanche,update
Orostachys,Orostachys,update
Osmanthus,Osmanthus,update
Ostrya,Ostrya,update
Ostryopsis,Ostryopsis,update
Oxalis,Oxalis,update
Oxycoccus+Vaccinium,Vaccinium,update
Oxytropis,Oxytropis,update
Oxytropis aciphylla,Oxytropis aciphylla,update
Pachygone,Pachygone,update
Pandanaceae,Pandanaceae,update
Pandanus,Pandanus,update
Pandanus tectorius,Pandanus tectorius,update
Papaver,Papaver,update
Papaveraceae,Papaveraceae,update
Parnassia,Parnassia,update
Patrinia,Patrinia,update
Pedicularis,Pedicularis,update
Peganum,Peganum,update
Pentaphylacaceae,Pentaphylacaceae,update
Pentaphylax,Pentaphylax,update
Phlomis,Phlomis,update
Phoenix,Phoenix,update
Photinia,Photinia,update
Phyllanthus,Phyllanthus,update
Picea,Picea,update
Picea schrenkiana,Picea schrenkiana,update
Pinus,Pinus,update
Pinus Diploxylon,Pinus (Diploxylon),update
Pinus Haploxylon,Pinus (Haploxylon),update
Pinus koraiensis,Pinus koraiensis,update
Pinus pumila,Pinus pumila,update
Pinus sylvestris var mongolica,Pinus sylvestris var mongholica,update
Piper,Piper,update
Piperaceae,Piperaceae,update
Pistacia,Pistacia,update
Pittosporum,Pittosporum,update
Plantaginaceae,Plantaginaceae,update
Plantago,Plantago,update
Platanus,Platanus,update
Platea,Platea,update
Platycarya,Platycarya,update
Platycarya strobilacea,Platycarya strobilacea,update
Platycladus,Platycladus,update
Platycodon,Platycodon,update
Plumbaginaceae,Plumbaginaceae,update
Poaceae,Poaceae,update
Podocarpus,Podocarpus,update
Podocarpus macrophyllus,Podocarpus macrophyllus,update
Pogonia,Pogonia,update
Polemoniaceae,Polemoniaceae,update
Polemonium,Polemonium,update
Polygala,Polygala,update
Polygalaceae,Polygalaceae,update
Polygonaceae,Polygonaceae,update
Polygonum,Polygonum,update
Polygonum aviculare,Polygonum aviculare,update
Polygonum bistorta,Polygonum bistorta,update
Polygonum cognatum,Polygonum cognatum,update
Polygonum viviparum,Polygonum viviparum,update
Populus,Populus,update
Porana,Porana,update
Portulacaceae,Portulacaceae,update
Potaninia,Potaninia,update
Potentilla,Potentilla,update
Premna,Premna,update
Primula,Primula,update
Primulaceae,Primulaceae,update
Proteaceae,Proteaceae,update
Prunella,Prunella,update
Prunus,Prunus,update
Pseudolarix,Pseudolarix,update
Pterocarya,Pterocarya,update
Pteroceltis,Pteroceltis,update
Pterolobium,Pterolobium,update
Pulsatilla,Pulsatilla,update
Pyracantha,Pyracantha,update
Pyrola,Pyrola,update
Pyrolaceae,Ericaceae,update
Quercus,Quercus,update
Quercus deciduous,Quercus deciduous,update
Quercus evergreen,Quercus evergreen,update
Quercus semecarpifolia,Quercus semecarpifolia,update
Randia,Randia,update
Randia merrillii,Aidia henryi,update
Ranunculaceae,Ranunculaceae,update
Ranunculus,Ranunculus,update
Rapanea,Myrsine,update
Reaumuria,Reaumuria,update
Reevesia,Reevesia,update
Reseda,Reseda,update
Rhamnaceae,Rhamnaceae,update
Rhamnus,Rhamnus,update
Rhaphiolepis,Rhaphiolepis,update
Rheum,Rheum,update
Rheum+Rumex,Polygonaceae,update
Rhodiola,Rhodiola,update
Rhododendron,Rhododendron,update
Rhododendron fargesii,Rhododendron oreodoxa var fargesii,update
Rhododendron+Vaccinium,Ericaceae,update
Rhodoleia,Rhodoleia,update
Rhodomyrtus,Rhodomyrtus,update
Rhoiptelea,Rhoiptelea,update
Rhus,Rhus,update
Rhynchodia,Chonemorpha,update
Ribes,Ribes,update
Ricinus,Ricinus,update
Robinia,Robinia,update
Rosa,Rosa,update
Rosaceae,Rosaceae,update
Rostellularia,Rostellularia,update
Rourea,Rourea,update
Rubia,Rubia,update
Rubia+Galium,Rubiaceae,update
Rubiaceae,Rubiaceae,update
Rubus,Rubus,update
Rumex,Rumex,update
Rumex acetosa,Rumex acetosa,update
Rungia,Rungia,update
Rutaceae,Rutaceae,update
Sabia,Sabia,update
Sabiaceae,Sabiaceae,update
Sabina,Juniperus,update
Salicaceae,Salicaceae,update
Salix,Salix,update
Salsola,Salsola,update
Sambucus,Sambucus,update
Samydaceae,Salicaceae,update
Sanguisorba,Sanguisorba,update
Santalum,Santalum,update
Sapindaceae,Sapindaceae,update
Sapindus,Sapindus,update
Sapium,Sapium,update
Sapotaceae,Sapotaceae,update
Sauropus,Sauropus,update
Saururaceae,Saururaceae,update
Saururus,Saururus,update
Saussurea,Saussurea,update
Saxifraga,Saxifraga,update
Saxifraga granulata,Saxifraga granulata,update
Saxifraga oppositifolia,Saxifraga oppositifolia,update
Saxifragaceae,Saxifragaceae,update
Scabiosa,Scabiosa,update
Schefflera,Schefflera,update
Schima,Schima,update
Schisandra,Schisandra,update
Schizomussaenda,Schizomussaenda,update
Schoepfia,Schoepfia,update
Scirpus,Scirpus,update
Scrophulariaceae,Scrophulariaceae,update
Sedum,Sedum,update
Sequoia,Sequoia,update
Serratula,Serratula,update
Sesamum,Sesamum,update
Sibbaldia,Sibbaldia,update
Simaroubaceae,Simaroubaceae,update
Skimmia,Skimmia,update
Smilax,Smilax,update
Solanaceae,Solanaceae,update
Solanum,Solanum,update
Sophora alopecuroides,Sophora alopecuroides,update
Sorbaria,Sorbaria,update
Sorbus,Sorbus,update
Souliea,Actaea,update
Spenceria,Spenceria,update
Spiraea,Spiraea,update
Spondias,Spondias,update
Staphyleaceae,Staphyleaceae,update
Stellera,Stellera,update
Stephania,Stephania,update
Sterculia,Sterculia,update
Sterculiaceae,Malvaceae,update
Stimpsonia,Stimpsonia,update
Stipa,Stipa,update
Styracaceae,Styracaceae,update
Styrax,Styrax,update
Swida,Cornus,update
Sycopsis,Sycopsis,update
Symplocaceae,Symplocaceae,update
Symplocos,Symplocos,update
Syringa,Syringa,update
Syzygium,Syzygium,update
Tagetes,Tagetes,update
Tamaricaceae,Tamaricaceae,update
Tamarindus,Tamarindus,update
Tamarix,Tamarix,update
Taraxacum,Taraxacum,update
Taxodiaceae,Taxodiaceae,update
Taxodium,Taxodium,update
Taxus,Taxus,update
Terminalia,Terminalia,update
Ternstroemia,Ternstroemia,update
Tetracentron,Tetracentron,update
Tetraena,Zygophyllum,update
Tetramelaceae,Tetramelaceae,update
Thalictrum,Thalictrum,update
Theaceae,Theaceae,update
Thellungiella,Thellungiella,update
Thottea,Thottea,update
Thymelaeaceae,Thymelaeaceae,update
Thymus,Thymus,update
Tilia,Tilia,update
Tiliaceae,Malvaceae,update
Toona sinensis,Toona sinensis,update
Toricellia,Toricellia,update
Toxicodendron,Toxicodendron,update
Toxicodendron succedaneum,Toxicodendron succedaneum,update
Trachycarpus,Trachycarpus,update
Trema,Trema,update
Tribulus,Tribulus,update
Trichosanthes,Trichosanthes,update
Tristellateia,Tristellateia,update
Trochodendron,Trochodendron,update
Trollius,Trollius,update
Tropaeolaceae,Tropaeolaceae,update
Tsuga,Tsuga,update
Ulmaceae,Ulmaceae,update
Ulmus,Ulmus,update
Ulmus+Zelkova,Ulmus/Zelkova,update
Uncaria,Uncaria,update
Urtica,Urtica,update
Urtica+Morus,Urtica/Morus,update
Urticaceae,Urticaceae,update
Vaccinium uliginosum,Vaccinium uliginosum,update
Valeriana,Valeriana,update
Valerianaceae,Valerianaceae,update
Vatica,Vatica,update
Verbascum,Verbascum,update
Verbena,Verbena,update
Verbenaceae,Verbenaceae,update
Vernicia,Vernicia,update
Veronica,Veronica,update
Viburnum,Viburnum,update
Vigna,Vigna,update
Viola,Viola,update
Violaceae,Violaceae,update
Vitaceae,Vitaceae,update
Vitex,Vitex,update
Vitex negundo var heterophylla,Vitex negundo,update
Weigela,Weigela,update
Wendlandia,Wendlandia,update
Wikstroemia,Wikstroemia,update
Xanthium,Xanthium,update
Xylosma,Xylosma,update
Zanthoxylum,Zanthoxylum,update
Zelkova,Zelkova,update
Ziziphus,Ziziphus,update
Zygophyllaceae,Zygophyllaceae,update
Zygophyllum,Zygophyllum,update
Abies+Picea,,inspect
Acer+Celtis+Salix+Ulmus,,inspect
Acer+Tilia,,inspect
Alnus+Carpinus+Corylus,,inspect
Alnus+Carpinus+Salix+Tsuga,,inspect
Artemisia+Chenopodiaceae,,inspect
Brassicaceae+Apiaceae,,inspect
Carpinus+Corylus,,inspect
Carya+Rhodomyrtus,,inspect
Castanea+Castanopsis+Cyclobalanopsis,,inspect
Castanea+Quercus,,inspect
Castanopsis+Helicia+Arecaceae,,inspect
Castanopsis+Helicia+Arecaceae+Syzygium,,inspect
Castanopsis+Lithocarpus,,inspect
Castanopsis+Quercus,,inspect
Chenopodiaceae+Asteraceae,,inspect
Convolvulaceae+Euphorbiaceae+Sedum,,inspect
Corylus+Ostrya,,inspect
Euphorbia+Osmanthus,,inspect
Fraxinus+Syringa,,inspect
Helicia+Syzygium+Arecaceae,,inspect
Juglans+Liquidambar,,inspect
Lamiaceae+Impatiens+Plantago+Urtica,,inspect
Lithocarpus+Castanea,,inspect
Magnolia+Myrtus,,inspect
Pinus+Picea,,inspect
Pinus+Picea+Abies,,inspect
Rosa+Rubus+Filipendula,,inspect
Salix+Ulmus,,inspect
Tilia+Ulmus,,inspect
Aegiceras corniculatum,,delete
Aegiceras corniculatum+Avicennia marina,,delete
Aegiceras corniculatum+Avicennia marina+Excoecaria agallocha,,delete
Avicennia,,delete
Avicennia marina,,delete
Betulaceae,,delete
Bruguiera,,delete
Bruguiera gymnorrhiza+Kandelia candel,,delete
Bruguiera gymnorrhiza+Kandelia candel+Rhizophora apiculata,,delete
Calamus,,delete
Caltha,,delete
Cannabis,,delete
Citrus,,delete
Cyperaceae+Typha,,delete
Droseraceae,,delete
Fagopyrum,,delete
Humulus,,delete
Humulus+Urtica,,delete
Kandelia,,delete
Kandelia candel,,delete
Oryza,,delete
Oryza sativa,,delete
Pinaceae,,delete
Poaceae Cereal,,delete
Rhizophora,,delete
Rhizophora stylosa,,delete
Rhizophoraceae,,delete
Vitis,,delete
Zea,,delete
Zea mays,,delete
Lumnitzera racemosa+Bruguiera gymnorrhiza+Rhizophora apiculata,,delete
