taxon_name,clean_name,action
Abies,Abies,update
Abies alba,Abies alba,update
Acacia,Acacia,update
Acer,Acer,update
Aconitum,Aconitum,update
Adiantum capillus-veneris,Adiantum capillus-veneris,update
Adoxa moschatellina,Adoxa moschatellina,update
Alchemilla,Alchemilla,update
Alchemilla type,Alchemilla type,update
Alnus,Alnus,update
Amaranthaceae,Amaranthaceae,update
Amaranthaceae type,Amaranthaceae,update
Ambrosia,Ambrosia,update
Ammi,Ammi,update
Anacardiaceae,Anacardiaceae,update
Androsace elongata type,Androsace elongata,update
Androsace type,Androsace type,update
Anthemis arvensis type,Anthemis arvensis type,update
Anthemis type,Anthemis type,update
Anthriscus sylvestris type,Anthriscus sylvestris type,update
Apiaceae,Apiaceae,update
Apiaceae undiff.,Apiaceae,update
Aquilegia,Aquilegia,update
Aristolochia,Aristolochia,update
Artemisia,Artemisia,update
Asphodelus,Asphodelus,update
Aster type,Aster type,update
Asteroideae,Asteroideae,update
Atraphaxis,Atraphaxis,update
Berberis,Berberis,update
Betula,Betula,update
Bistorta officinalis type,Bistorta officinalis type,update
Boraginaceae,Boraginaceae,update
Botrychium,Botrychium,update
Brassicaceae,Brassicaceae,update
Bryonia,Bryonia,update
Bupleurum type,Bupleurum type,update
Buxus,Buxus,update
Calligonum,Calligonum,update
Calluna,Calluna,update
Calluna vulgaris,Calluna vulgaris,update
Calystegia,Calystegia,update
Campanula,Campanula,update
Campanula trachelium type,Campanula trachelium type,update
Campanulaceae,Campanulaceae,update
Campanulaceae undiff.,Campanulaceae,update
Carduus,Carduus,update
Carpinus,Carpinus,update
Carpinus betulus,Carpinus betulus,update
Carpinus orientalis,Carpinus orientalis,update
Carya,Carya,update
Caryophyllaceae,Caryophyllaceae,update
Caryophyllaceae undiff.,Caryophyllaceae,update
Castanea,Castanea,update
Castanea sativa,Castanea sativa,update
Cedrus,Cedrus,update
Centaurea,Centaurea,update
Centaurea cyanus type,Centaurea cyanus type,update
Centaurea scabiosa type,Centaurea scabiosa type,update
Cephalaria,Cephalaria,update
Cerastium type,Cerastium type,update
Ceratonia,Ceratonia,update
Chaerophyllum hirsutum type,Chaerophyllum hirsutum type,update
Chelidonium,Chelidonium,update
Cichorioideae,Cichorioideae,update
Cirsium type,Cirsium type,update
Cistus,Cistus,update
Conium type,Conium type,update
Convolvulus,Convolvulus,update
Cornus,Cornus,update
Cornus mas,Cornus mas,update
Cornus sanguinea,Cornus sanguinea,update
Corylus,Corylus,update
Corylus avellana,Corylus avellana,update
Cousinia,Cousinia,update
Crepis type,Crepis type,update
Cupressaceae,Cupressaceae,update
Cuscuta,Cuscuta,update
Cyperaceae,Cyperaceae,update
Cyperaceae undiff.,Cyperaceae,update
Cytisus type,Cytisus type,update
Diphasium,Lycopodium,update
Dipsacoideae,Caprifoliaceae,update
Dryopteris,Dryopteris,update
Echinops,Echinops,update
Echium,Echium,update
Elaeagnus,Elaeagnus,update
Empetrum,Empetrum,update
Ephedra,Ephedra,update
Ephedra alata type,Ephedra alata type,update
Ephedra distachya type,Ephedra distachya type,update
Ephedra fragilis,Ephedra fragilis,update
Ephedra fragilis type,Ephedra fragilis type,update
Ephedra major type,Ephedra major type,update
Epilobium,Epilobium,update
Equisetum,Equisetum,update
Eremurus,Eremurus,update
Erica,Erica,update
Ericaceae undiff.,Ericaceae,update
Eriocaulon,Eriocaulon,update
Erodium,Erodium,update
Euonymus,Euonymus,update
Euphorbia,Euphorbia,update
Euphrasia,Euphrasia,update
Fabaceae,Fabaceae,update
Faboideae,Fabaceae,update
Fagus,Fagus,update
Filipendula,Filipendula,update
Fontanesia,Fontanesia,update
Frangula,Frangula,update
Frangula alnus,Frangula alnus,update
Fraxinus,Fraxinus,update
Fraxinus excelsior,Fraxinus excelsior,update
Fraxinus ornus,Fraxinus ornus,update
Galium,Galium,update
Gentianaceae,Gentianaceae,update
Geranium,Geranium,update
Geum type,Geum type,update
Gnaphalium type,Gnaphalium type,update
Haplophyllum,Haplophyllum,update
Hedera helix,Hedera helix,update
Helianthemum,Helianthemum,update
Hippophae,Hippophae,update
Hippophae rhamnoides,Hippophae rhamnoides,update
Hypericum,Hypericum,update
Ilex aquifolium,Ilex aquifolium,update
Iridaceae,Iridaceae,update
Iris,Iris,update
Juglans,Juglans,update
Juncaceae,Juncaceae,update
Juncus,Juncus,update
Juniperus,Juniperus,update
Knautia,Knautia,update
Lactuca type,Lactuca type,update
Lamiaceae,Lamiaceae,update
Lamiaceae (tricolpate),Lamiaceae,update
Larix,Larix,update
Ligustrum,Ligustrum,update
Liliaceae,Liliaceae,update
Linaria,Linaria,update
Linum,Linum,update
Lonicera,Lonicera,update
Lonicera type,Lonicera type,update
Lycopodium,Lycopodium,update
Lysimachia,Lysimachia,update
Lythrum,Lythrum,update
Malvaceae,Malvaceae,update
Melampyrum,Melampyrum,update
Mentha,Mentha,update
Mercurialis,Mercurialis,update
Mercurialis annua,Mercurialis annua,update
Mespilus,Mespilus,update
Monoletes,Polypodiales,update
Moraceae,Moraceae,update
Myosotis arvensis type,Myosotis arvensis type,update
Myosotis type,Myosotis type,update
Myrica,Myrica,update
Myrtus,Myrtus,update
Nitraria,Nitraria,update
Noaea,Noaea,update
Olea,Olea,update
Olea europaea,Olea europaea,update
Onagraceae,Onagraceae,update
Ophioglossum,Ophioglossum,update
Ostrya type,Ostrya type,update
Ostrya/Carpinus,Carpinus/Ostrya,update
Papaveraceae,Papaveraceae,update
Paronychia,Paronychia,update
Parrotia persica,Parrotia persica,update
Persicaria amphibia,Persicaria amphibia,update
Persicaria maculosa,Persicaria maculosa,update
Phillyrea,Phillyrea,update
Phyteuma-type,Phyteuma type,update
Picea,Picea,update
Picea abies,Picea abies,update
Pimpinella type,Pimpinella type,update
Pinus,Pinus,update
Pinus cembra type,Pinus cembra type,update
Pinus sylvestris type,Pinus sylvestris type,update
Pinus undiff.,Pinus,update
Pistacia,Pistacia,update
Pistacia lentiscus,Pistacia lentiscus,update
Pistacia terebinthus,Pistacia terebinthus,update
Plantago,Plantago,update
Plantago coronopus,Plantago coronopus,update
Plantago lanceolata,Plantago lanceolata,update
Plantago lanceolata type,Plantago lanceolata type,update
Plantago major,Plantago major,update
Plantago major type,Plantago major type,update
Plantago media,Plantago media,update
Plantago media type,Plantago media type,update
Plantago undiff.,Plantago,update
Plantago uniflora,Littorella uniflora,update
Platanus,Platanus,update
Plumbaginaceae,Plumbaginaceae,update
Poaceae,Poaceae,update
Poaceae type,Poaceae,update
Poaceae undiff.,Poaceae,update
Polygonaceae,Polygonaceae,update
Polygonum,Polygonum,update
Polygonum aviculare,Polygonum aviculare,update
Polygonum sensu lato undiff.,Polygonum,update
Polypodiophyta,Polypodiales,update
Polypodium,Polypodium,update
Populus,Populus,update
Potentilla,Potentilla,update
Potentilla type,Potentilla type,update
Poterium sanguisorba,Sanguisorba minor,update
Primula type,Primula type,update
Primula veris type,Primula veris type,update
Primulaceae,Primulaceae,update
Prunus type,Prunus type,update
Pteridium aquilinum,Pteridium aquilinum,update
Pteris,Pteris,update
Pterocarya,Pterocarya,update
Pulmonaria type,Pulmonaria type,update
Quercus,Quercus,update
Quercus (deciduous),Quercus deciduous,update
Quercus (evergreen),Quercus evergreen,update
Quercus coccifera,Quercus coccifera,update
Quercus ilex,Quercus ilex,update
Ranunculaceae,Ranunculaceae,update
Ranunculaceae undiff.,Ranunculaceae,update
Ranunculus,Ranunculus,update
Ranunculus acris,Ranunculus acris,update
Ranunculus acris type,Ranunculus acris type,update
Ranunculus type,Ranunculus type,update
Rhamnaceae,Rhamnaceae,update
Rhamnus,Rhamnus,update
Rheum,Rheum,update
Rhus,Rhus,update
Ribes uva crispa,Ribes uva-crispa,update
Rosa,Rosa,update
Rosa type,Rosa type,update
Rosaceae,Rosaceae,update
Rosaceae undiff.,Rosaceae,update
Rubiaceae,Rubiaceae,update
Rubus,Rubus,update
Rubus type,Rubus type,update
Rumex,Rumex,update
Rumex acetosella type,Rumex acetosella type,update
Rumex aquaticus type,Rumex aquaticus type,update
Rumex type,Rumex type,update
Ruta,Ruta,update
Salix,Salix,update
Sambucus,Sambucus,update
Sambucus nigra,Sambucus nigra,update
Sanguisorba,Sanguisorba,update
Sanguisorba minor type,Sanguisorba minor type,update
Sanguisorba officinalis,Sanguisorba officinalis,update
Sarcopoterium spinosum,Sarcopoterium spinosum,update
Sarcopoterium type,Sarcopoterium type,update
Saxifraga,Saxifraga,update
Scabiosa,Scabiosa,update
Scrophularia type,Scrophularia type,update
Scrophulariaceae,Scrophulariaceae,update
Sedum,Sedum,update
Senecio type,Senecio type,update
Sesamum,Sesamum,update
Silene type,Silene type,update
Silenoideae type,Caprifoliaceae,update
Solanum dulcamara,Solanum dulcamara,update
Sorbus,Sorbus,update
Sorbus type,Sorbus type,update
Symphytum,Symphytum,update
Tamarix,Tamarix,update
Teucrium,Teucrium,update
Thalictrum,Thalictrum,update
Thymelaeaceae,Thymelaeaceae,update
Tilia,Tilia,update
Trifolium,Trifolium,update
Trifolium type,Trifolium type,update
Tripolium pannonicum,Tripolium pannonicum,update
Ulmus,Ulmus,update
Urtica,Urtica,update
Urtica/Parietaria,Parietaria/Urtica,update
Vaccinium,Vaccinium,update
Valeriana,Valeriana,update
Valeriana officinalis type,Valeriana officinalis type,update
Valerianella,Valerianella,update
Valerianoideae,Caprifoliaceae,update
Verbascum,Verbascum,update
Veronica type,Veronica type,update
Viburnum,Viburnum,update
Viscum,Viscum,update
Xanthium,Xanthium,update
Alisma,,delete
Anabaena,,delete
Assulina muscorum,,delete
Assulina seminulum,,delete
Asterosporium asterospermum type,,delete
Avena type,,delete
Brachysporium pendulisporum type,,delete
Caltha type,,delete
Cannabis,,delete
Ceratophyllum,,delete
Charcoal,,delete
Cladium,,delete
Fagopyrum,,delete
Fungi,,delete
Gelasinospora,,delete
Gloeotrichia,,delete
Hordeum type,,delete
Humulus,,delete
Humulus/Cannabis,,delete
Lycopodium spike,,delete
Menyanthes,,delete
Menyanthes trifoliata,,delete
Myriophyllum,,delete
Myriophyllum spicatum,,delete
Myriophyllum verticillatum,,delete
Nymphaea,,delete
Nymphaea alba,,delete
Nymphoides peltata,,delete
Operculodinium,,delete
Pediastrum angulosum,,delete
Pediastrum orientale,,delete
Pediastrum undiff.,,delete
Pinaceae,,delete
Plantae,,delete
Poaceae (Cerealia type),,delete
Potamogeton,,delete
Potamogeton natans type,,delete
Pseudopediastrum boryanum,,delete
Pseudopediastrum integrum,,delete
Pseudopediastrum kawraiskyi,,delete
Pteridophyta,,delete
Riccia,,delete
Sample quantity,,delete
Scenedesmus,,delete
Scheuchzeria palustris,,delete
Secale,,delete
Secale cereale,,delete
Secale type,,delete
Selaginella,,delete
Selaginella selaginoides,,delete
Sordaria,,delete
Sparganium,,delete
Sparganium type,,delete
Sphagnum,,delete
Tilletia,,delete
Trichuris,,delete
Triletes,,delete
Triticum type,,delete
Turbellaria,,delete
Typha,,delete
Typha angustifolia/Sparganium,,delete
Typha latifolia,,delete
Typha latifolia type,,delete
Typha/Sparganium,,delete
Unknown,,delete
Unknown undiff.,,delete
Vitis,,delete
Zea mays,,delete
Zygnema,,delete
