taxon_name,clean_name,action
?Ilex sp,Ilex,update
Acacia groupe III,Acacia,update
Acacia sp,Acacia,update
Acalypha-type,Acalypha type,update
Acardiaceae,Anacardiaceae,update
Achyranthes,Achyranthes,update
Adi,Adina,update
Aeschynomene-type baumii,Aeschynomene baumii type,update
Afrocrania,Cornus,update
Aidia,Aidia,update
Aizoaceae-type,Aizoaceae,update
Alchornea cf latifolia,Alchornea latifolia type,update
Alchornea sp,Alchornea,update
Alternthera,Alternanthera,update
Amaranth/Chenopod,Amaranthaceae,update
Amaranthaceae/Chenopod,Amaranthaceae,update
Amaranthaceae/Chenopodiaceae,Amaranthaceae,update
Ambrosia maritima,Ambrosia maritima,update
Ambrosieae,Asteroideae,update
Ancistrophyllum seclorum,Ancistrophyllum secundiflorum,update
Anemia sp.,Anemia,update
Anopyxis,Anopyxis,update
Anthocleista sp,Anthocleista,update
Anthonota,Anthonotha,update
Anthonotha sp,Anthonotha,update
Anthospermum-type,Anthospermum type,update
Anthostema,Anthostema,update
Antiaris,Antiaris,update
Antidesma sp,Antidesma,update
Antidesma venosum,Antidesma venosum,update
Asclepidaceae,Asclepiadaceae,update
Asphodelaceae,Asphodelaceae,update
Asteraceae (echite),Asteraceae,update
Asteraceae HS,Asteraceae,update
Asteraceae-Lactucoideae,Cichorioideae,update
Asteraceae-ordinary long spine,Asteraceae,update
Asteraceae/Compositae,Asteraceae,update
Barbeyaceae,Barbeyaceae,update
Basilicum sp,Basilicum,update
Bauhinia sp,Bauhinia,update
Berlinia,Berlinia,update
Berlinia/Isoberlinia sp,Berlinia/Isoberlinia,update
Bignoniaceae-Rhigosum,Rhigozum type,update
Bigoniaceae,Bigoniaceae,update
Blechnaceae,Aspleniaceae,update
Blepharis,Blepharis,update
Boragiceae,Boraginaceae,update
Borassus-type,Borassus type,update
Borassus-type aethiopium,Borassus aethiopum type,update
Borreria,Borreria,update
Bosqueia,Trilepisium,update
Bosqueia angolensis,Trilepisium madagascariense,update
Brachylae,Brachylaena,update
Brachystegia sp,Brachystegia,update
Bridelia micrantha,Bridelia micrantha,update
Bridelia micrantha-t,Bridelia micrantha type,update
Bridelia sp,Bridelia,update
Bruniaceae,Bruniaceae,update
Burkea,Burkea,update
Burkea sp,Burkea,update
Burseraceae,Burseraceae,update
Caesalpiniaceae,Caesalpinoideae,update
Caesalpinioideae,Caesalpinoideae,update
Calamus deeratus,Calamus deerratus,update
Canthium schimperianum-type,Psydrax schimperianus type,update
Canthium subcordata,Psydrax subcordatus,update
Capparidaceae,Capparaceae,update
Carapa-t grandiflora,Carapa grandiflora type,update
Cassine sp type,Cassine type,update
Cassine-type,Cassine type,update
Casuari,Casuarina,update
Casuarinia sp,Casuarina,update
Celastraceae-Cassine,Cassine,update
Celastraceae-Gymnosporia,Gymnosporia,update
Celastraceae-Maytenus,Maytenus,update
Celosia sp,Celosia,update
Celosia sp type,Celosia type,update
Celosia-type trigy,Celosia trigyna type,update
Celtis africa-type,Celtis africana type,update
Celtis sp,Celtis,update
cf Cyathea spore,Cyathea type,update
cf Eichhornia sp,Pontederia type,update
cf Ericaceae,Ericaceae,update
cf Morinda lucida,Morinda lucida type,update
cf. Cleome,Cleome type,update
cf. Juniperus procera,Juniperus procera type,update
Chaetacme,Chaetachme,update
ChenoAmar,Amaranthaceae,update
Chenopodiacea/Amaranthaceae,Amaranthaceae,update
Chenopodiaceae/Amaranthaceae,Amaranthaceae,update
Chlorophora,Chlorophora,update
Chlorophora-type excelsa,Milicia excelsa type,update
Chrolophora-t excelsa,Milicia excelsa type,update
Cichoriae,Cichorioideae,update
Cichorieae,Cichorioideae,update
Cissampelos type mucronata,Cissampelos mucronata type,update
Cissus-type,Cissus type,update
Cleome,Cleome,update
Clerodendron,Clerodendrum,update
Cliffortia nitidula,Cliffortia nitidula,update
Cnestis,Cnestis,update
Cnestis ferruginea-type,Cnestis ferruginea type,update
Colophospermum,Colophospermum,update
Combretum,Combretum,update
Combretum aculeatum-type,Combretum aculeatum type,update
Combretum molle-type,Combretum molle  type,update
Commeli benghalensis,Commelina benghalensis,update
Commeli-type benghalensis,Commelina benghalensis type,update
Commeli-type forskalaei,Commelina forskaolii type,update
Commelicea,Commelinaceae,update
Commelina sp,Commelina,update
Comp.tub.,Asteroideae,update
Compositae,Asteraceae,update
"Compositae (except Artemesia, Stoebe)",Asteraceae,update
Compositae tubuliflorae,Asteroideae,update
Convolvulaceae-Ipomoea,Ipomoea,update
Crassularia,Crassula,update
Crinum-type tans,Crinum natans type,update
Crossopterix febrifuga,Crossopterix febrifuga,update
Crossopteryx,Crossopteryx,update
Crossopteryx-type,Crossopteryx type,update
Crotalaria-type,Crotalaria type,update
Croton-t,Croton type,update
Crudia,Crudia,update
Cupressus lusitanica,Cupressus lusitanica,update
Cyatheaceae,Cyatheaceae,update
Cyathula sp,Cyathula,update
Daniella cf oliverii,Daniellia oliveri type,update
Dendrosenecio,Dendrosenecio,update
Desmodium-type,Desmodium type,update
Dialium-type,Dialium type,update
Dichostema glaucescens-type,Dichostema glaucescens type,update
Diospyros sp,Diospyros,update
Dobera glabra-type,Dobera glabra type,update
Dodoea,Dodonaea,update
Dodoea angustifolia,Dodonaea viscosa subsp angustifolia type,update
Dodoea viscosa,Dodonaea viscosa,update
Dodoea viscosa-type,Dodonaea viscosa type,update
Dombeya,Dombeya,update
Dombeya-t,Dombeya type,update
Dryopteris sp,Dryopteris,update
Drypetes,Drypetes,update
Ebeceae,Ebenaceae,update
Eichhornia sp,Pontederia,update
Eichhornia type,Pontederia type,update
Elaeis,Elaeis,update
Encephalatos,Encephalartos,update
Entada,Entada,update
Entada sp,Entada,update
Eriocaulaceae,Eriocaulaceae,update
Erythrococca,Erythrococca,update
Erythrococca-t,Erythrococca type,update
Erythrophleum,Erythrophleum,update
Erythrophleum sp,Erythrophleum,update
Erythrophluem cf ivorense,Erythrophleum ivorense type,update
Eugenia,Eugenia,update
Euphorbia cf hirta,Euphorbia hirta type,update
Euphorbia hypericifolia,Euphorbia hypericifolia,update
Euphorbiaceae type 1,Euphorbiaceae,update
Euphorbiaceae-Acalypha,Acalypha,update
Euphorbiaceae-Croton,Croton,update
Euphorbiaceae-other,Euphorbiaceae,update
Euphorbiaceae-Phyllanthus,Phyllanthus,update
Euphorbiaceae-Tragia,Tragia,update
Fagara,Zanthoxylum,update
Faurea,Faurea,update
Faurea sp,Faurea,update
Ficalhoa,Ficalhoa,update
Filicales,Polypodiales,update
Funtumia,Funtumia,update
Ganophyllum,Ganophyllum,update
Gardenieae,Gardenieae,update
Gentiaceae,Gentianaceae,update
Gentianiaceae,Gentianaceae,update
Gerbera-type,Gerbera type,update
Gramineae >40Ì_m,Poaceae,update
Gunnera,Gunnera,update
Gymnosporia,Gymnosporia,update
Gyndropsis,Cleome,update
Hagenia,Hagenia abyssinica,update
Hallea,Mitragyna,update
Hallea-t rubrostipulata,Mitragyna rubrostipulata type,update
Halleatype rubrostipulata,Mitragyna rubrostipulata type,update
Haloraginaceae,Haloragaceae,update
Helichrysum,Helichrysum,update
Hermannia,Hermannia,update
Heteromorpha,Heteromorpha,update
Holoptelea,Holoptelea,update
Hyacinthaceae,Asparagaceae,update
Hymenodictyon,Hymenodictyon,update
Hyphaene,Hyphaene,update
Hyphaene/Borassus,Borassus/Hyphaene,update
Hypoestes,Hypoestes,update
Hyptis-type,Hyptis type,update
Indigofera-type,Indigofera type,update
Inulaceae,Asteraceae,update
Irvingia gabonensis,Irvingia gabonensis,update
Isoberlinia,Isoberlinia,update
Ixora spp.,Ixora,update
Jatropha/Givotia,Givotia/Jatropha,update
Julberrdia-type2,Julbernardia,update
Juniperus Excelsa,Juniperus Excelsa,update
Juniperus procera,Juniperus procera,update
Justicia 2-porate,Justicia,update
Justicia 3-porate,Justicia,update
Klainedoxa,Klainedoxa,update
Koenigia sp,Koenigia,update
Koenigia sp type,Koenigia type,update
Kotschya-type,Kotschya type,update
Labiatae,Lamiaceae,update
Labiatae-Leonotis type,Leonotis type,update
Labiateae-pentacolpate,Lamiaceae,update
Lactuceae,Cichorioideae,update
Lactucoideae,Cichorioideae,update
Lamiaceae hexacolpate,Lamiaceae,update
Lamiaceae tricolpate,Lamiaceae,update
Laurembergia,Laurembergia,update
Laurembergia villosa,Laurembergia repens,update
Leguminosae,Fabaceae,update
Leonotis sp.,Leonotis,update
Leucosidea,Leucosidea,update
Liguliflorae,Asteraceae (Liguliflorae),update
Lobostemon,Lobostemon,update
Lonchocarpus sericeus,Lonchocarpus sericeus,update
Lonchocarpus-type,Lonchocarpus type,update
Lophira alata,Lophira alata,update
Lophira sp,Lophira,update
Lugwigia sp,Ludwigia,update
Macaranga capensis,Macaranga capensis,update
Maclura-type africa,Maclura africana type,update
Maesa lanceolata-t,Maesa lanceolata type,update
Mallatus,Mallotus,update
Margaritaria,Margaritaria,update
Martretia,Martretia,update
Maytenus-type senegalensis,Gymnosporia senegalensis type,update
Mesembryanthemaceae,Aizoaceae,update
Microgramma,Microgramma,update
Mimosa pigra,Mimosa pigra,update
Mimosoideae,Mimosoideae,update
Mimulopsis,Mimulopsis,update
Mitracarpus,Mitracarpus,update
Mitracarpus scaber,Mitracarpus hirtus,update
Mitragyna,Mitragyna,update
Mitragyna ciliata,Mitragyna ledermannii,update
Mitragyna inermis-type,Mitragyna inermis type,update
Mitragyna stipulosa,Mitragyna stipulosa,update
Mohria,Mohria,update
Monolete,Polypodiales,update
Monolete Fern spores,Polypodiales,update
Monolete Fern Spores,Polypodiales,update
Monolete psilate,Polypodiales,update
Monolete spore,Polypodiales,update
Monolete verrucate spores,Polypodiales,update
Monoletes,Polypodiales,update
Monoletes lisses,Polypodiales,update
Monotes sp,Monotes,update
Morella,Myrica,update
Myrica salicifolia,Myrica salicifolia,update
Myrsine africa,Myrsine africana,update
Myrtaceae-Syzigium,Syzygium,update
Nauclea,Nauclea,update
Neoboutonia,Neoboutonia,update
Nuxia,Nuxia,update
Nuxia congesta,Nuxia congesta,update
Nyctagiceae,Nyctaginaceae,update
Olacaceae-Olax,Olax,update
Olacaceae-Ximenia,Ximenia,update
Olea africa,Olea europaea subsp cuspidata,update
Olea capensis,Olea capensis,update
Olea europaea ssp africa,Olea europaea subsp cuspidata,update
Operculicarya,Operculicarya,update
Oricia,Vepris,update
Other Compositae,Asteraceae,update
Ottelia,Ottelia,update
Palmae,Arecaceae,update
Palmeae,Arecaceae,update
Pandanus-type,Pandanus type,update
Papilionoideae,Fabaceae,update
Papilionoideae type 1,Fabaceae,update
Papilionoideae type 2,Fabaceae,update
Parinari,Parinari,update
Pariri,Parinari,update
Pariri-t,Parinari type,update
Passeri,Passerina,update
Passerina,Passerina,update
Passifloraceae-Adenia,Adenia,update
Paullinia pinta,Paullinia pinnata,update
Pausinystalia,Corynanthe,update
Pellaea-type,Pellaea type,update
Peltophorum,Peltophorum,update
Pentabrachion-type,Pentabrachion type,update
Pentaclethra,Pentaclethra,update
Pentzia-type,Pentzia type,update
Periplocaceae,Apocynaceae,update
Peristrophe,Dicliptera,update
Philippia comorensis-type,Erica comorensis type,update
Phillipia,Erica,update
Phoenix reclita,Phoenix reclinata,update
Phoenix reclita-type,Phoenix reclinata type,update
Phylica,Phylica,update
Phyllanthus cf discoideus,Margaritaria discoidea type,update
Phyllanthus comp.,Phyllanthus,update
Phyllanthus rivae-type,Phyllanthus rivae type,update
Phyllanthus-type rivae,Phyllanthus rivae type,update
Pilea,Pilea,update
Pinus sp,Pinus,update
Pinus ter,Pinus,update
Piptadeniastrum,Piptadeniastrum,update
Piptadeniastrum africanum,Piptadeniastrum africanum,update
Piptadeniastrum-t africa,Piptadeniastrum africanum type,update
Plantago africa-type,Plantago africana type,update
Plantago amplexicaulis-type,Plantago amplexicaulis type,update
Pluchea-type,Pluchea type,update
Plumbagiceae,Plumbaginaceae,update
Poaceae <= 20,Poaceae,update
Poaceae <40,Poaceae,update
Poaceae 20-29 um,Poaceae,update
Poaceae 30-39,Poaceae,update
Podocarpus cf falcata,Afrocarpus falcatus type,update
Podocarpus cf henckelii,Podocarpus henkelii type,update
Polycarpaea,Polycarpaea,update
Polygoceae,Polygonaceae,update
Polygonum avicularia-type,Polygonum aviculare type,update
Polygonum cf. P. senegalense,Persicaria senegalensis type,update
Polyscias fulva-t,Polyscias fulva type,update
Polyscias-type,Polyscias type,update
Pontederaceae,Pontederiaceae,update
Portulaca,Portulaca,update
Protea,Protea,update
Protea sp,Protea,update
Prunus africa,Prunus africana,update
Pseudospondias,Pseudospondias,update
Psychotria sp,Psychotria,update
Psydrax-type schimperia,Psydrax schimperianus type,update
Pteridophyta monoletes,Polypodiales,update
Pteris sp.,Pteris,update
Pterocarpus,Pterocarpus,update
Pterocarpus sp,Pterocarpus,update
Pycnthus,Pycnanthus,update
Pycnthus angolensis,Pycnanthus angolensis,update
Ranculus oreophytus-type,Ranunculus oreophytus type,update
Rapanea melanophloeos,Mysine melanophloeos,update
Restioceae,Restionaceae,update
Restionaceae,Restionaceae,update
Rhamceae,Rhamnaceae,update
Rhus longipes,Rhus longipes,update
Rhus longipes-type,Searsia longipes type,update
Rhynchosia,Rhynchosia,update
Rhyncosia-type,Rhynchosia type,update
Rubiacea,Rubiaceae,update
Rubiaceae Anthospermum,Anthospermum,update
Ruschia-type,Ruschia type,update
Rytiginia,Rytiginia,update
Salacia-type,Salacia type,update
Salvadoraceae,Salvadoraceae,update
Sapindaceae-Allophylus,Allophylus,update
Sapindaceae-Cardiospermium,Cardiospermum,update
Sclerocarya,Sclerocarya,update
Scottellia klaineana-type,Scottellia klaineana type,update
Scroph-type,Scrophulariaceae,update
Scrophulariaceae tricolpate,Scrophulariaceae,update
Searsia,Searsia,update
Securinega virosa,Flueggea virosa,update
Securinega-t virosa,Flueggea virosa type,update
Sen,Senecio,update
Senecio-type mannii,Solanecio mannii type,update
Senecioneae,Asteroideae,update
Sericostachys,Sericostachys,update
Sida-type,Sida type,update
Sideroxylon,Sideroxylon,update
Solaceae,Solanaceae,update
Sp.mono,Polypodiales,update
Sparrmannia,Sparrmannia,update
Spermacoce,Spermacoce,update
Spermacoce radiata-type,Spermacoce radiata type,update
Spirosta,Spirostachys,update
Spores monolete,Polypodiales,update
Spores monoletes,Polypodiales,update
Standard Lycopodium,Lycopodium,update
Stenochlaena sp,Stenochlaena,update
Sterculia-t,Sterculia type,update
Sterculiaceae,Malvaceae,update
Stipularia africa,Stipularia africana,update
Stoebe,Stoebe,update
Stoebe kilimandscharica,Seriphium kilimandscharicum,update
Strombosia-type,Strombosia type,update
Suaeda-type monoica,Suaeda monoica type,update
Symphonia,Symphonia,update
Symphonia glubulifera,Symphonia globulifera,update
Syzygium guineense,Syzygium guineense,update
Tapinthus,Tapinanthus,update
Tapinthus-type,Tapinanthus type,update
Tarchonantheae,Carduoideae,update
Tarchonthus,Tarchonanthus,update
Tarchonthus camphoratus,Tarchonanthus camphoratus,update
Taren-type graveolens,Coptosperma graveolens type,update
Teclea,Teclea,update
Teclea-t,Teclea type,update
Tetracera alnifolia,Tetracera alnifolia,update
Tetrorchidium cf didymosetmon,Tetrorchidium didymostemon type,update
Theccacoris g,Thecacoris grandifolia,update
Thymeleaceae,Thymelaeaceae,update
Tiliaceae,Malvaceae,update
Toddalia,Toddalia,update
Treculia africa,Treculia africana,update
Tribulus cf cistoides,Tribulus cistoides type,update
Trichilia-t emetica,Trichilia emetica type,update
Trichoscypha,Trichoscypha,update
Trilepisium,Trilepisium,update
Trilepisium type madgascariensis,Trilepisium madagascariense type,update
Triplochiton scleroxylon,Triplochiton scleroxylon,update
Triumfetta,Triumfetta,update
Tubuliflorae,Asteroideae,update
Uapaca kirkia-type,Uapaca kirkiana type,update
Uapaca staudtii,Uapaca staudtii,update
uclea latifolia,Nauclea latifolia,update
Uncaria africa,Uncaria africana,update
Vangueria-type acutiloba,Vangueria madagascariensis var madagascariensis type,update
Vepris-type trichocarpa,Vepris trichocarpa type,update
Vernonia,Vernonia,update
Vernonia sp,Vernonia,update
Vernonieae,Cichorioideae,update
Vitaceae- Cissus type,Cissus type,update
Ximenia-type,Ximenia type,update
Zanthoxylum zanthoxyloides,Zanthoxylum zanthoxyloides,update
Alismataceae,Alismataceae,delete
Anthocerotaceae,Anthocerotaceae,delete
Botryococcus,Botryococcus,delete
Botryococcus braunii,Botryococcus braunii,delete
Broken,Broken,delete
Broken/obscured,Broken/obscured,delete
Canbis-type,Canbis-type,delete
Canbis/Humulus,Canbis/Humulus,delete
Celtis-Holoptelea,Celtis-Holoptelea,delete
Coelastrum,Coelastrum,delete
Combretaceae-Melastomataceae,Combretaceae-Melastomataceae,delete
Combretaceae/Melast,Combretaceae/Melast,delete
Combretaceae/Melastomataceae,Combretaceae/Melastomataceae,delete
Concentration of spike,Concentration of spike,delete
Corroded,Corroded,delete
Crumpled,Crumpled,delete
Crumpled or hidden,Crumpled or hidden,delete
Crumpled/Hidden,Crumpled/Hidden,delete
Epicoccum (ascomycete fungus),Epicoccum (ascomycete fungus),delete
Faurea/Allophylus,Faurea/Allophylus,delete
Gramineae big,Gramineae big,delete
Hexacolporate clear,Hexacolporate clear,delete
Hydrocharitaceae,Hydrocharitaceae,delete
Hygrophila sp type,Hygrophila sp type,delete
Inaperturare spores,Inaperturare spores,delete
Ind‰Û_termin‰Û_s+Abim‰Û_s,Ind‰Û_termin‰Û_s+Abim‰Û_s,delete
Indetermible,Indetermible,delete
Indetermibles,Indetermibles,delete
indeterminate,indeterminate,delete
Indeterminate,Indeterminate,delete
Indetermines,Indetermines,delete
Indetermines AY,Indetermines AY,delete
Lem,Lem,delete
Lemceae,Lemceae,delete
Lentibularaceae,Lentibularaceae,delete
Liliaceae/Iridacea types,Liliaceae/Iridacea types,delete
Lycopodium added,Lycopodium added,delete
Lycopodium spores (added),Lycopodium spores (added),delete
Melastomataceae/Combretaceae,Melastomataceae/Combretaceae,delete
Monocotyledoe,Monocotyledoe,delete
Monocotyledoneae,Monocotyledoneae,delete
Mychorrhizae,Mychorrhizae,delete
Myriophyllum sp,Myriophyllum sp,delete
Nuxia/Dobera,Nuxia/Dobera,delete
Nuxia/Ficalhoa,Nuxia/Ficalhoa,delete
Nymphaceae,Nymphaceae,delete
Nymphaea nouchali,Nymphaea nouchali,delete
Nymphaea sp,Nymphaea sp,delete
Nymphea,Nymphea,delete
Other fungal spores,Other fungal spores,delete
Other spores,Other spores,delete
Pediastrum boryanum,Pediastrum boryanum,delete
Pediastrum duplex,Pediastrum duplex,delete
Pediastrum type 1,Pediastrum type 1,delete
Pitted,Pitted,delete
Poaceae <50,Poaceae <50,delete
Poaceae <50um,Poaceae <50um,delete
Poaceae >= 40,Poaceae >= 40,delete
Poaceae >40,Poaceae >40,delete
Poaceae >50,Poaceae >50,delete
Poaceae >50um,Poaceae >50um,delete
Polyporate pollen,Polyporate pollen,delete
Potamogetoceae,Potamogetoceae,delete
Potamogetonaceae,Potamogetonaceae,delete
Psilate reniform,Psilate reniform,delete
Pteridophyta triletes,Pteridophyta triletes,delete
Pteridophytae,Pteridophytae,delete
Sapotaceae/Meliaceae,Sapotaceae/Meliaceae,delete
Selaginella sp.,Selaginella sp.,delete
Sp.tri.lisse,Sp.tri.lisse,delete
Sp.tri.non lisse,Sp.tri.non lisse,delete
SpAnthoceros,SpAnthoceros,delete
Spores,Spores,delete
Spores indeterminees,Spores indeterminees,delete
Spores triletes,Spores triletes,delete
Sporormiella,Sporormiella,delete
Tricolporate,Tricolporate,delete
Trilete psilate,Trilete psilate,delete
Trilete Pteridophytes,Trilete Pteridophytes,delete
Trilete spore,Trilete spore,delete
Trilete spores others,Trilete spores others,delete
Trilete spores type 1,Trilete spores type 1,delete
Triletes,Triletes,delete
Triletes lisses,Triletes lisses,delete
Typha cf. T. domingensis,Typha cf. T. domingensis,delete
Typha cf. T. latifolia,Typha cf. T. latifolia,delete
Typha sp,Typha sp,delete
Typhaceae,Typhaceae,delete
Undetermibles,Undetermibles,delete
Undiff.,Undiff.,delete
Unidentified,Unidentified,delete
Unknown,Unknown,delete
Unknown A,Unknown A,delete
Unknown hexacolpate,Unknown hexacolpate,delete
Unknowns,Unknowns,delete
Unknowns various,Unknowns various,delete
Unrecognized pollen,Unrecognized pollen,delete
Urticaceae-Moraceae,Urticaceae-Moraceae,delete
Urticaceae/Moraceae,Urticaceae/Moraceae,delete
Urticaria/Humulus type,Urticaria/Humulus type,delete
